oracleColumnId,signature,pattern,cars,odd,oneCar,orderCoverage,inBroad,inRawDeep,bundleFrequency,residualClosures,residualCoverageFraction,samePatternRank,keptAtQuota12,keptAtQuota16,inCurrentDeep550,packingSelected12,packingSelected16,lossStage,detail
"1","4310|550x2,1010x1,1100x2|550=[8, 8];1010=[63];1100=[77, 84]|cars=6","550x2,1010x1,1100x2","6","false","false","550:8=12|1010:63=6|1100:77=6|1100:84=6","false","false",,,"",,"false","false","false","false","false","RAW_DEEP_NOT_GENERATED","KEY_PATTERN_NOT_SELECTED"
"2","4310|850x1,1100x2,1260x1|850=[22];1100=[89, 89];1260=[112]|cars=12","850x1,1100x2,1260x1","12","false","false","850:22=12|1100:89=24|1260:112=12","false","false",,,"",,"false","false","false","false","false","RAW_DEEP_NOT_GENERATED","KEY_PATTERN_NOT_SELECTED"
"3","4320|1060x3,1140x1|1060=[69, 69, 70];1140=[93]|cars=6","1060x3,1140x1","6","false","false","1060:69=12|1060:70=6|1140:93=6","false","false",,,"",,"false","false","false","false","false","RAW_DEEP_NOT_GENERATED","KEY_PATTERN_NOT_SELECTED"
"4","4320|970x1,1000x1,1100x1,1250x1|970=[41];1000=[52];1100=[87];1250=[107]|cars=2","970x1,1000x1,1100x1,1250x1","2","false","false","970:41=2|1000:52=2|1100:87=2|1250:107=2","false","false",,,"",,"false","false","false","false","false","RAW_DEEP_NOT_GENERATED","KEY_PATTERN_NOT_SELECTED"
"5","4330|550x1,840x1,980x3|550=[8];840=[120];980=[47, 47, 47]|cars=9","550x1,840x1,980x3","9","true","false","550:8=9|840:120=9|980:47=27","false","false",,,"",,"false","false","false","false","false","RAW_DEEP_NOT_GENERATED","KEY_PATTERN_NOT_SELECTED"
"6","4330|550x1,840x1,980x3|550=[8];840=[17];980=[47, 47, 49]|cars=2","550x1,840x1,980x3","2","false","false","550:8=2|840:17=2|980:47=4|980:49=2","false","false",,,"",,"false","false","false","false","false","RAW_DEEP_NOT_GENERATED","KEY_PATTERN_NOT_SELECTED"
"7","4330|850x1,1000x1,1240x2|850=[20];1000=[60];1240=[103, 103]|cars=10","850x1,1000x1,1240x2","10","false","false","850:20=10|1000:60=10|1240:103=20","false","false",,,"",,"false","false","false","false","false","RAW_DEEP_NOT_GENERATED","COMPLETION_LOCAL_CONFIGURATION_PRUNED; locus=width=850; rank=0/8; configuration was not produced by full local enumeration"
"8","4330|850x1,1000x1,1240x2|850=[21];1000=[55];1240=[105, 105]|cars=30","850x1,1000x1,1240x2","30","false","false","850:21=30|1000:55=30|1240:105=60","false","false",,,"",,"false","false","false","false","false","RAW_DEEP_NOT_GENERATED","COMPLETION_CAR_COUNT_PRUNED; locus=cars=30; rank=0/0; target car count was not processed by completion"
"9","4330|850x1,1000x1,1240x2|850=[21];1000=[61];1240=[106, 106]|cars=20","850x1,1000x1,1240x2","20","false","false","850:21=20|1000:61=20|1240:106=40","false","false",,,"",,"false","false","false","false","false","RAW_DEEP_NOT_GENERATED","COMPLETION_CAR_COUNT_PRUNED; locus=cars=20; rank=0/0; target car count was not processed by completion"
"10","4350|550x1,860x1,980x3|550=[8];860=[24];980=[45, 45, 49]|cars=10","550x1,860x1,980x3","10","false","false","550:8=10|860:24=10|980:45=20|980:49=10","false","false",,,"",,"false","false","false","false","false","RAW_DEEP_NOT_GENERATED","COMPLETION_LOCAL_CONFIGURATION_PRUNED; locus=width=860; rank=0/8; configuration was not produced by full local enumeration"
"11","4350|550x1,860x1,980x3|550=[8];860=[28];980=[47, 51, 51]|cars=8","550x1,860x1,980x3","8","false","false","550:8=8|860:28=8|980:47=8|980:51=16","false","false",,,"",,"false","false","false","false","false","RAW_DEEP_NOT_GENERATED","COMPLETION_LOCAL_CONFIGURATION_PRUNED; locus=width=980; rank=0/8; configuration was not produced by full local enumeration"
"12","4350|550x1,890x1,970x3|550=[8];890=[121];970=[39, 39, 39]|cars=6","550x1,890x1,970x3","6","false","false","550:8=6|890:121=6|970:39=18","true","false",,,"",,"false","false","false","true","true","BROAD_KEPT","BROAD_KEPT"
"13","4350|550x1,890x1,970x3|550=[8];890=[31];970=[42, 42, 42]|cars=2","550x1,890x1,970x3","2","false","false","550:8=2|890:31=2|970:42=6","false","false",,,"",,"false","false","false","false","false","RAW_DEEP_NOT_GENERATED","KEY_PATTERN_NOT_SELECTED"
"14","4350|980x2,1090x1,1300x1|980=[46, 49];1090=[76];1300=[115]|cars=8","980x2,1090x1,1300x1","8","false","false","980:46=8|980:49=8|1090:76=8|1300:115=8","false","false",,,"",,"false","false","false","false","false","RAW_DEEP_NOT_GENERATED","COMPLETION_CAR_COUNT_PRUNED; locus=cars=8; rank=0/0; target car count was not processed by completion"
"15","4360|1000x2,1100x1,1260x1|1000=[54, 57];1100=[85];1260=[113]|cars=6","1000x2,1100x1,1260x1","6","false","false","1000:54=6|1000:57=6|1100:85=6|1260:113=6","false","false",,,"",,"false","false","false","false","false","RAW_DEEP_NOT_GENERATED","COMPLETION_LOCAL_CONFIGURATION_PRUNED; locus=width=1100; rank=0/8; configuration was not produced by full local enumeration"
"16","4360|1000x2,1100x1,1260x1|1000=[56, 57];1100=[85];1260=[112]|cars=4","1000x2,1100x1,1260x1","4","false","false","1000:56=4|1000:57=4|1100:85=4|1260:112=4","false","false",,,"",,"false","false","false","false","false","RAW_DEEP_NOT_GENERATED","COMPLETION_LOCAL_CONFIGURATION_PRUNED; locus=width=1100; rank=0/8; configuration was not produced by full local enumeration"
"17","4360|1000x2,1100x1,1260x1|1000=[62, 62];1100=[85];1260=[111]|cars=10","1000x2,1100x1,1260x1","10","false","false","1000:62=20|1100:85=10|1260:111=10","false","false",,,"",,"false","false","false","false","false","RAW_DEEP_NOT_GENERATED","COMPLETION_LOCAL_CONFIGURATION_PRUNED; locus=width=1000; rank=0/8; configuration was not produced by full local enumeration"
"18","4360|1010x2,1100x1,1240x1|1010=[63, 63];1100=[84];1240=[103]|cars=2","1010x2,1100x1,1240x1","2","false","false","1010:63=4|1100:84=2|1240:103=2","false","false",,,"",,"false","false","false","false","false","RAW_DEEP_NOT_GENERATED","KEY_PATTERN_NOT_SELECTED"
"19","4360|1090x4|1090=[74, 74, 74, 74]|cars=15","1090x4","15","true","false","1090:74=60","false","false",,,"",,"false","false","false","false","false","RAW_DEEP_NOT_GENERATED","KEY_PATTERN_NOT_SELECTED"
"20","4360|550x1,900x1,970x3|550=[8];900=[32];970=[39, 39, 39]|cars=6","550x1,900x1,970x3","6","false","false","550:8=6|900:32=6|970:39=18","true","false",,,"",,"false","false","false","true","true","BROAD_KEPT","BROAD_KEPT"
"21","4370|1000x2,1100x1,1270x1|1000=[122, 52];1100=[84];1270=[114]|cars=12","1000x2,1100x1,1270x1","12","false","false","1000:122=12|1000:52=12|1100:84=12|1270:114=12","false","false",,,"",,"false","false","false","false","false","RAW_DEEP_NOT_GENERATED","COMPLETION_CAR_COUNT_PRUNED; locus=cars=12; rank=0/0; target car count was not processed by completion"
"22","4370|1000x2,1100x1,1270x1|1000=[52, 52];1100=[80];1270=[114]|cars=18","1000x2,1100x1,1270x1","18","false","false","1000:52=36|1100:80=18|1270:114=18","false","false",,,"",,"false","false","false","false","false","RAW_DEEP_NOT_GENERATED","COMPLETION_CAR_COUNT_PRUNED; locus=cars=18; rank=0/0; target car count was not processed by completion"
"23","4370|1000x2,1100x1,1270x1|1000=[53, 53];1100=[84];1270=[114]|cars=10","1000x2,1100x1,1270x1","10","false","false","1000:53=20|1100:84=10|1270:114=10","false","false",,,"",,"false","false","false","false","false","RAW_DEEP_NOT_GENERATED","COMPLETION_CAR_COUNT_PRUNED; locus=cars=10; rank=0/0; target car count was not processed by completion"
"24","4370|550x1,910x1,970x3|550=[8];910=[33];970=[38, 40, 40]|cars=10","550x1,910x1,970x3","10","false","false","550:8=10|910:33=10|970:38=10|970:40=20","true","false",,,"",,"false","false","false","false","false","BROAD_KEPT","BROAD_KEPT"
"25","4370|850x1,1125x1,1150x1,1240x1|850=[21];1125=[90];1150=[95];1240=[106]|cars=6","850x1,1125x1,1150x1,1240x1","6","false","false","850:21=6|1125:90=6|1150:95=6|1240:106=6","false","false",,,"",,"false","false","false","false","false","RAW_DEEP_NOT_GENERATED","KEY_PATTERN_NOT_SELECTED"
"26","4380|1080x3,1140x1|1080=[72, 73, 73];1140=[94]|cars=2","1080x3,1140x1","2","false","false","1080:72=2|1080:73=4|1140:94=2","false","false",,,"",,"false","false","false","false","false","RAW_DEEP_NOT_GENERATED","KEY_PATTERN_NOT_SELECTED"
"27","4380|1080x3,1140x1|1080=[73, 73, 73];1140=[94]|cars=6","1080x3,1140x1","6","false","false","1080:73=18|1140:94=6","false","false",,,"",,"false","false","false","false","false","RAW_DEEP_NOT_GENERATED","KEY_PATTERN_NOT_SELECTED"
"28","4380|790x1,1100x1,1240x1,1250x1|790=[15];1100=[87];1240=[104];1250=[110]|cars=20","790x1,1100x1,1240x1,1250x1","20","false","false","790:15=20|1100:87=20|1240:104=20|1250:110=20","false","false",,,"",,"false","false","false","false","false","RAW_DEEP_NOT_GENERATED","KEY_PATTERN_NOT_SELECTED"
"29","4380|840x4,1020x1|840=[120, 16, 19, 19];1020=[65]|cars=10","840x4,1020x1","10","false","false","840:120=10|840:16=10|840:19=20|1020:65=10","false","false",,,"",,"false","false","false","false","false","RAW_DEEP_NOT_GENERATED","KEY_PATTERN_NOT_SELECTED"
"30","4380|970x2,1220x2|970=[41, 41];1220=[100, 100]|cars=2","970x2,1220x2","2","false","false","970:41=4|1220:100=4","false","false",,,"",,"false","false","false","false","false","RAW_DEEP_NOT_GENERATED","KEY_PATTERN_NOT_SELECTED"
"31","4380|980x2,1100x1,1320x1|980=[43, 46];1100=[87];1320=[116]|cars=4","980x2,1100x1,1320x1","4","false","false","980:43=4|980:46=4|1100:87=4|1320:116=4","false","false",,,"",,"false","false","false","false","false","RAW_DEEP_NOT_GENERATED","COMPLETION_LOCAL_CONFIGURATION_PRUNED; locus=width=980; rank=0/8; configuration was not produced by full local enumeration"
"32","4390|1000x1,1100x2,1190x1|1000=[59];1100=[86, 86];1190=[98]|cars=10","1000x1,1100x2,1190x1","10","false","false","1000:59=10|1100:86=20|1190:98=10","false","false",,,"",,"false","false","false","false","false","RAW_DEEP_NOT_GENERATED","KEY_PATTERN_NOT_SELECTED"
"33","4390|1015x1,1125x3|1015=[64];1125=[90, 90, 90]|cars=2","1015x1,1125x3","2","false","false","1015:64=2|1125:90=6","true","false",,,"",,"false","false","false","false","false","BROAD_KEPT","BROAD_KEPT"
"34","4390|550x1,1280x3|550=[8];1280=[123, 123, 123]|cars=2","550x1,1280x3","2","false","false","550:8=2|1280:123=6","false","false",,,"",,"false","false","false","false","false","RAW_DEEP_NOT_GENERATED","KEY_PATTERN_NOT_SELECTED"
"35","4390|600x1,850x1,980x3|600=[9];850=[21];980=[46, 46, 46]|cars=2","600x1,850x1,980x3","2","false","false","600:9=2|850:21=2|980:46=6","false","false",,,"",,"false","false","false","false","false","RAW_DEEP_NOT_GENERATED","KEY_PATTERN_NOT_SELECTED"
"36","4390|780x4,1270x1|780=[14, 14, 14, 14];1270=[114]|cars=1","780x4,1270x1","1","true","true","780:14=4|1270:114=1","false","false",,,"",,"false","false","false","false","false","RAW_DEEP_NOT_GENERATED","KEY_PATTERN_NOT_SELECTED"
"37","4390|840x4,1030x1|840=[120, 120, 120, 17];1030=[67]|cars=4","840x4,1030x1","4","false","false","840:120=12|840:17=4|1030:67=4","false","false",,,"",,"false","false","false","false","false","RAW_DEEP_NOT_GENERATED","COMPLETION_CAR_COUNT_PRUNED; locus=cars=4; rank=0/0; target car count was not processed by completion"
"38","4390|840x4,1030x1|840=[18, 18, 18, 18];1030=[66]|cars=4","840x4,1030x1","4","false","false","840:18=16|1030:66=4","false","false",,,"",,"false","false","false","false","false","RAW_DEEP_NOT_GENERATED","COMPLETION_CAR_COUNT_PRUNED; locus=cars=4; rank=0/0; target car count was not processed by completion"
"39","4390|850x1,1150x2,1240x1|850=[21];1150=[95, 97];1240=[106]|cars=4","850x1,1150x2,1240x1","4","false","false","850:21=4|1150:95=4|1150:97=4|1240:106=4","false","false",,,"",,"false","false","false","false","false","RAW_DEEP_NOT_GENERATED","KEY_PATTERN_NOT_SELECTED"
"40","4390|970x3,1480x1|970=[41, 41, 41];1480=[117]|cars=4","970x3,1480x1","4","false","false","970:41=12|1480:117=4","false","false",,,"",,"false","false","false","false","false","RAW_DEEP_NOT_GENERATED","KEY_PATTERN_NOT_SELECTED"
"41","4390|970x3,1480x1|970=[41, 41, 41];1480=[118]|cars=6","970x3,1480x1","6","false","false","970:41=18|1480:118=6","false","false",,,"",,"false","false","false","false","false","RAW_DEEP_NOT_GENERATED","KEY_PATTERN_NOT_SELECTED"
"42","4390|980x2,1130x1,1300x1|980=[46, 46];1130=[92];1300=[115]|cars=4","980x2,1130x1,1300x1","4","false","false","980:46=8|1130:92=4|1300:115=4","false","false",,,"",,"false","false","false","false","false","RAW_DEEP_NOT_GENERATED","KEY_PATTERN_NOT_SELECTED"
"43","4400|1000x1,1100x2,1200x1|1000=[58];1100=[79, 79];1200=[99]|cars=20","1000x1,1100x2,1200x1","20","false","false","1000:58=20|1100:79=40|1200:99=20","false","false",,,"",,"false","false","false","false","false","RAW_DEEP_NOT_GENERATED","KEY_PATTERN_NOT_SELECTED"
"44","4400|1050x1,1100x2,1150x1|1050=[68];1100=[81, 81];1150=[96]|cars=4","1050x1,1100x2,1150x1","4","false","false","1050:68=4|1100:81=8|1150:96=4","false","false",,,"",,"false","false","false","false","false","RAW_DEEP_NOT_GENERATED","KEY_PATTERN_NOT_SELECTED"
"45","4400|1090x3,1130x1|1090=[75, 76, 76];1130=[91]|cars=16","1090x3,1130x1","16","false","false","1090:75=16|1090:76=32|1130:91=16","true","false",,,"",,"false","false","false","false","false","BROAD_KEPT","BROAD_KEPT"
"46","4400|1100x4|1100=[78, 78, 78, 88]|cars=22","1100x4","22","false","false","1100:78=66|1100:88=22","false","false",,,"",,"false","false","false","false","false","RAW_DEEP_NOT_GENERATED","COMPLETION_LOCAL_CONFIGURATION_PRUNED; locus=width=1100; rank=0/8; configuration was not produced by full local enumeration"
"47","4400|1100x4|1100=[83, 83, 88, 88]|cars=9","1100x4","9","true","false","1100:83=18|1100:88=18","false","false",,,"",,"false","false","false","false","false","RAW_DEEP_NOT_GENERATED","COMPLETION_LOCAL_CONFIGURATION_PRUNED; locus=width=1100; rank=0/8; configuration was not produced by full local enumeration"
"48","4400|1100x4|1100=[87, 87, 87, 87]|cars=1","1100x4","1","true","true","1100:87=4","false","false",,,"",,"false","false","false","false","false","RAW_DEEP_NOT_GENERATED","COMPLETION_LOCAL_CONFIGURATION_PRUNED; locus=width=1100; rank=0/8; configuration was not produced by full local enumeration"
"49","4400|550x1,850x1,1000x3|550=[8];850=[22];1000=[54, 56, 56]|cars=8","550x1,850x1,1000x3","8","false","false","550:8=8|850:22=8|1000:54=8|1000:56=16","false","false",,,"",,"false","false","false","false","false","RAW_DEEP_NOT_GENERATED","COMPLETION_LOCAL_CONFIGURATION_PRUNED; locus=width=1000; rank=0/8; configuration was not produced by full local enumeration"
"50","4400|550x1,940x1,970x3|550=[8];940=[34];970=[39, 39, 39]|cars=8","550x1,940x1,970x3","8","false","false","550:8=8|940:34=8|970:39=24","false","false",,,"",,"false","false","false","false","false","RAW_DEEP_NOT_GENERATED","KEY_PATTERN_NOT_SELECTED"
"51","4400|550x1,940x1,970x3|550=[8];940=[35];970=[39, 39, 39]|cars=20","550x1,940x1,970x3","20","false","false","550:8=20|940:35=20|970:39=60","false","false",,,"",,"false","false","false","false","false","RAW_DEEP_NOT_GENERATED","KEY_PATTERN_NOT_SELECTED"
"52","4400|740x1,850x2,980x2|740=[10];850=[23, 23];980=[50, 50]|cars=9","740x1,850x2,980x2","9","true","false","740:10=9|850:23=18|980:50=18","false","false",,,"",,"false","false","false","false","false","RAW_DEEP_NOT_GENERATED","COMPLETION_CAR_COUNT_PRUNED; locus=cars=9; rank=0/0; target car count was not processed by completion"
"53","4400|760x1,850x2,970x2|760=[119];850=[21, 21];970=[42, 42]|cars=3","760x1,850x2,970x2","3","true","false","760:119=3|850:21=6|970:42=6","false","false",,,"",,"false","false","false","false","false","RAW_DEEP_NOT_GENERATED","COMPLETION_CAR_COUNT_PRUNED; locus=cars=3; rank=0/0; target car count was not processed by completion"
"54","4400|760x1,850x2,970x2|760=[11];850=[21, 21];970=[42, 42]|cars=2","760x1,850x2,970x2","2","false","false","760:11=2|850:21=4|970:42=4","false","false",,,"",,"false","false","false","false","false","RAW_DEEP_NOT_GENERATED","COMPLETION_LOCAL_CONFIGURATION_PRUNED; locus=width=970; rank=0/8; configuration was not produced by full local enumeration"
"55","4400|760x1,850x2,970x2|760=[12];850=[21, 21];970=[42, 42]|cars=10","760x1,850x2,970x2","10","false","false","760:12=10|850:21=20|970:42=20","false","false",,,"",,"false","false","false","false","false","RAW_DEEP_NOT_GENERATED","COMPLETION_CAR_COUNT_PRUNED; locus=cars=10; rank=0/0; target car count was not processed by completion"
"56","4400|760x1,850x2,970x2|760=[13];850=[21, 21];970=[42, 42]|cars=2","760x1,850x2,970x2","2","false","false","760:13=2|850:21=4|970:42=4","false","false",,,"",,"false","false","false","false","false","RAW_DEEP_NOT_GENERATED","COMPLETION_LOCAL_CONFIGURATION_PRUNED; locus=width=760; rank=0/8; configuration was not produced by full local enumeration"
"57","4400|850x1,1060x1,1240x1,1250x1|850=[20];1060=[69];1240=[104];1250=[108]|cars=4","850x1,1060x1,1240x1,1250x1","4","false","false","850:20=4|1060:69=4|1240:104=4|1250:108=4","false","false",,,"",,"false","false","false","false","false","RAW_DEEP_NOT_GENERATED","KEY_PATTERN_NOT_SELECTED"
"58","4400|850x1,1070x1,1240x2|850=[20];1070=[71];1240=[101, 101]|cars=10","850x1,1070x1,1240x2","10","false","false","850:20=10|1070:71=10|1240:101=20","false","false",,,"",,"false","false","false","false","false","RAW_DEEP_NOT_GENERATED","KEY_PATTERN_NOT_SELECTED"
"59","4400|850x2,860x2,980x1|850=[21, 21];860=[25, 25];980=[47]|cars=3","850x2,860x2,980x1","3","true","false","850:21=6|860:25=6|980:47=3","false","false",,,"",,"false","false","false","false","false","RAW_DEEP_NOT_GENERATED","COMPLETION_LOCAL_CONFIGURATION_PRUNED; locus=width=860; rank=0/8; configuration was not produced by full local enumeration"
"60","4400|850x2,860x2,980x1|850=[21, 21];860=[25, 26];980=[46]|cars=24","850x2,860x2,980x1","24","false","false","850:21=48|860:25=24|860:26=24|980:46=24","false","false",,,"",,"false","false","false","false","false","RAW_DEEP_NOT_GENERATED","COMPLETION_CAR_COUNT_PRUNED; locus=cars=24; rank=0/0; target car count was not processed by completion"
"61","4400|850x2,860x2,980x1|850=[21, 21];860=[25, 27];980=[43]|cars=10","850x2,860x2,980x1","10","false","false","850:21=20|860:25=10|860:27=10|980:43=10","false","false",,,"",,"false","false","false","false","false","RAW_DEEP_NOT_GENERATED","COMPLETION_LOCAL_CONFIGURATION_PRUNED; locus=width=850; rank=0/8; configuration was not produced by full local enumeration"
"62","4400|850x2,860x2,980x1|850=[21, 21];860=[27, 29];980=[48]|cars=10","850x2,860x2,980x1","10","false","false","850:21=20|860:27=10|860:29=10|980:48=10","false","false",,,"",,"false","false","false","false","false","RAW_DEEP_NOT_GENERATED","COMPLETION_LOCAL_CONFIGURATION_PRUNED; locus=width=850; rank=0/8; configuration was not produced by full local enumeration"
"63","4400|850x3,870x1,980x1|850=[20, 20, 20];870=[30];980=[44]|cars=2","850x3,870x1,980x1","2","false","false","850:20=6|870:30=2|980:44=2","false","false",,,"",,"false","false","false","false","false","RAW_DEEP_NOT_GENERATED","KEY_PATTERN_NOT_SELECTED"
"64","4400|950x1,1100x2,1250x1|950=[36];1100=[83, 83];1250=[109]|cars=6","950x1,1100x2,1250x1","6","false","false","950:36=6|1100:83=12|1250:109=6","false","false",,,"",,"false","false","false","false","false","RAW_DEEP_NOT_GENERATED","COMPLETION_CAR_COUNT_PRUNED; locus=cars=6; rank=0/0; target car count was not processed by completion"
"65","4400|960x1,1100x2,1240x1|960=[37];1100=[82, 82];1240=[102]|cars=10","960x1,1100x2,1240x1","10","false","false","960:37=10|1100:82=20|1240:102=10","false","false",,,"",,"false","false","false","false","false","RAW_DEEP_NOT_GENERATED","KEY_PATTERN_NOT_SELECTED"
