"inclusionReason","patternSignature","patternReadable","eligible","ineligibleReason","manual31ColumnCount","manual65PatternCount","lpActivity","residualScarcity","coveredResidualOrders","wasteFit","structuralScore","baselineScore","baselineRank","baselineTop60","baselineTop120","lambda0Score","lambda0Rank","lambda0Top60","lambda0Top120","lambda10Score","lambda10Rank","lambda10Top60","lambda10Top120","baselineToLambda0RankDelta","baselineToLambda10RankDelta"
"TARGET_ORACLE|BASELINE_TOP120","4390|1000x1,1100x2,1190x1","{1000=1, 1100=2, 1190=1} @4390mm (pw=4390, util=100.0%)","true","","1","1","0.596879280","0.389825209","21","0.051370942","599.876579942","597479.156579942","20","true","true","599.876579942","310","false","false","605.845372742","303","false","false","290","283"
"TARGET_ORACLE","4310|850x1,1100x2,1260x1","{850=1, 1100=2, 1260=1} @4310mm (pw=4310, util=100.0%)","true","","1","1","0.000000000","0.476201516","19","0.015991367","666.217507367","666.217507367","197","false","false","666.217507367","143","false","false","666.217507367","145","false","false","-54","-52"
"TARGET_ORACLE","4380|790x1,1100x1,1240x1,1250x1","{790=1, 1100=1, 1240=1, 1250=1} @4380mm (pw=4380, util=100.0%)","true","","1","1","0.000000000","0.467360025","19","0.105638367","657.465663367","657.465663367","222","false","false","657.465663367","170","false","false","657.465663367","173","false","false","-52","-49"
"TARGET_ORACLE","4320|970x1,1000x1,1100x1,1250x1","{970=1, 1000=1, 1100=1, 1250=1} @4320mm (pw=4320, util=100.0%)","true","","1","1","0.000000000","0.411070435","24","0.019035385","651.089470385","651.089470385","250","false","false","651.089470385","200","false","false","651.089470385","202","false","false","-50","-48"
"TARGET_ORACLE","4400|1000x1,1100x2,1200x1","{1000=1, 1100=2, 1200=1} @4400mm (pw=4400, util=100.0%)","true","","1","1","0.000000000","0.385918989","21","0.033937123","595.952926123","595.952926123","350","false","false","595.952926123","313","false","false","595.952926123","313","false","false","-37","-37"
"TARGET_ORACLE","4400|1050x1,1100x2,1150x1","{1050=1, 1100=2, 1150=1} @4400mm (pw=4400, util=100.0%)","true","","1","1","0.000000000","0.365864032","15","0.033937123","515.897969123","515.897969123","608","false","false","515.897969123","574","false","false","515.897969123","576","false","false","-34","-32"
"TARGET_ORACLE","4370|850x1,1125x1,1150x1,1240x1","{850=1, 1125=1, 1150=1, 1240=1} @4370mm (pw=4365, util=99.9%)","true","","1","1","0.000000000","0.224607047","12","0.132736156","344.739783156","344.739783156","963","false","false","344.739783156","938","false","false","344.739783156","938","false","false","-25","-25"
"TARGET_ORACLE","4400|850x1,1060x1,1240x1,1250x1","{850=1, 1060=1, 1240=1, 1250=1} @4400mm (pw=4400, util=100.0%)","true","","1","1","0.000000000","0.233784900","11","0.033937123","343.818837123","343.818837123","966","false","false","343.818837123","941","false","false","343.818837123","942","false","false","-25","-24"
"TARGET_ORACLE","4390|850x1,1150x2,1240x1","{850=1, 1150=2, 1240=1} @4390mm (pw=4390, util=100.0%)","true","","1","1","0.000000000","0.213597873","11","0.051370942","323.649243942","323.649243942","1115","false","false","323.649243942","1094","false","false","323.649243942","1095","false","false","-21","-20"
"TARGET_ORACLE","4330|550x1,840x1,980x3","{550=1, 840=1, 980=3} @4330mm (pw=4330, util=100.0%)","true","","2","2","0.000000000","0.121484593","12","0.023510746","241.508103746","241.508103746","1727","false","false","241.508103746","1710","false","false","241.508103746","1713","false","false","-17","-14"
"TARGET_ORACLE","4390|980x2,1130x1,1300x1","{980=2, 1130=1, 1300=1} @4390mm (pw=4390, util=100.0%)","true","","1","1","0.000000000","0.121378786","10","0.051370942","221.430156942","221.430156942","2149","false","false","221.430156942","2133","false","false","221.430156942","2135","false","false","-16","-14"
"TARGET_ORACLE","4360|1090x4","{1090=4} @4360mm (pw=4360, util=100.0%)","true","","1","1","0.000000000","0.114331723","3","0.079784630","144.411507630","144.411507630","3171","false","false","144.411507630","3167","false","false","144.411507630","3167","false","false","-4","-4"
"TARGET_ORACLE","4320|1060x3,1140x1","{1060=3, 1140=1} @4320mm (pw=4320, util=100.0%)","true","","1","1","0.000000000","0.034629152","3","0.019035385","64.648187385","64.648187385","4543","false","false","64.648187385","4541","false","false","64.648187385","4541","false","false","-2","-2"
"TARGET_ORACLE","4380|970x2,1220x2","{970=2, 1220=2} @4380mm (pw=4380, util=100.0%)","true","","1","1","0.000000000","0.024028710","4","0.105638367","64.134348367","64.134348367","4548","false","false","64.134348367","4546","false","false","64.134348367","4546","false","false","-2","-2"
"TARGET_ORACLE","4390|970x3,1480x1","{970=3, 1480=1} @4390mm (pw=4390, util=100.0%)","true","","2","2","0.000000000","0.019688704","4","0.051370942","59.740074942","59.740074942","4592","false","false","59.740074942","4590","false","false","59.740074942","4590","false","false","-2","-2"
"TARGET_ORACLE","4390|550x1,1280x3","{550=1, 1280=3} @4390mm (pw=4390, util=100.0%)","true","","1","1","0.000000000","0.022458434","2","0.051370942","42.509804942","42.509804942","4671","false","false","42.509804942","4671","false","false","42.509804942","4671","false","false","0","0"
"TARGET_ORACLE","4310|550x2,1010x1,1100x2","{550=2, 1010=1, 1100=2} @4310mm (pw=4310, util=100.0%)","false","MISSING_RESIDUAL_WIDTH:1010","1","1","","","","","","","","false","false","","","false","false","","","false","false","",""
"TARGET_ORACLE","4350|550x1,890x1,970x3","{550=1, 890=1, 970=3} @4350mm (pw=4350, util=100.0%)","false","MISSING_RESIDUAL_WIDTH:890","1","2","","","","","","","","false","false","","","false","false","","","false","false","",""
"TARGET_ORACLE","4360|1010x2,1100x1,1240x1","{1010=2, 1100=1, 1240=1} @4360mm (pw=4360, util=100.0%)","false","MISSING_RESIDUAL_WIDTH:1010","1","1","","","","","","","","false","false","","","false","false","","","false","false","",""
"TARGET_ORACLE","4380|1080x3,1140x1","{1080=3, 1140=1} @4380mm (pw=4380, util=100.0%)","false","MISSING_RESIDUAL_WIDTH:1080","2","2","","","","","","","","false","false","","","false","false","","","false","false","",""
"TARGET_ORACLE","4380|840x4,1020x1","{840=4, 1020=1} @4380mm (pw=4380, util=100.0%)","false","MISSING_RESIDUAL_WIDTH:1020","1","1","","","","","","","","false","false","","","false","false","","","false","false","",""
"TARGET_ORACLE","4390|600x1,850x1,980x3","{600=1, 850=1, 980=3} @4390mm (pw=4390, util=100.0%)","false","MISSING_RESIDUAL_WIDTH:600","1","1","","","","","","","","false","false","","","false","false","","","false","false","",""
"TARGET_ORACLE","4390|780x4,1270x1","{780=4, 1270=1} @4390mm (pw=4390, util=100.0%)","false","MISSING_RESIDUAL_WIDTH:780","1","1","","","","","","","","false","false","","","false","false","","","false","false","",""
"TARGET_ORACLE","4400|550x1,940x1,970x3","{550=1, 940=1, 970=3} @4400mm (pw=4400, util=100.0%)","false","MISSING_RESIDUAL_WIDTH:940","2","2","","","","","","","","false","false","","","false","false","","","false","false","",""
"TARGET_ORACLE","4400|850x1,1070x1,1240x2","{850=1, 1070=1, 1240=2} @4400mm (pw=4400, util=100.0%)","false","MISSING_RESIDUAL_WIDTH:1070","1","1","","","","","","","","false","false","","","false","false","","","false","false","",""
"TARGET_ORACLE","4400|850x3,870x1,980x1","{850=3, 870=1, 980=1} @4400mm (pw=4400, util=100.0%)","false","MISSING_RESIDUAL_WIDTH:870","1","1","","","","","","","","false","false","","","false","false","","","false","false","",""
"TARGET_ORACLE","4400|960x1,1100x2,1240x1","{960=1, 1100=2, 1240=1} @4400mm (pw=4400, util=100.0%)","false","MISSING_RESIDUAL_WIDTH:960","1","1","","","","","","","","false","false","","","false","false","","","false","false","",""
"BASELINE_TOP120","4400|850x1,860x3,970x1","{850=1, 860=3, 970=1} @4400mm (pw=4400, util=100.0%)","true","","0","0","4.405415912","0.119178559","8","0.033937123","199.212496123","4405615.124496120","1","true","true","199.212496123","2620","false","false","243.266655243","1690","false","false","2619","1689"
"BASELINE_TOP120","4400|760x1,850x2,970x2","{760=1, 850=2, 970=2} @4400mm (pw=4400, util=100.0%)","true","","0","4","4.308931385","0.126310904","9","0.033937123","216.344841123","4309147.729841120","2","true","true","216.344841123","2242","false","false","259.434154973","1469","false","false","2240","1467"
"BASELINE_TOP120","4400|550x1,850x1,1000x3","{550=1, 850=1, 1000=3} @4400mm (pw=4400, util=100.0%)","true","","0","1","2.821096032","0.146858216","13","0.033937123","276.892153123","2821372.924153120","3","true","true","276.892153123","1330","false","false","305.103113443","1191","false","false","1327","1188"
"BASELINE_TOP120","4360|1000x2,1100x1,1260x1","{1000=2, 1100=1, 1260=1} @4360mm (pw=4360, util=100.0%)","true","","0","3","2.200000000","0.416931918","23","0.079784630","647.011702630","2200647.011702630","4","true","true","647.011702630","213","false","false","669.011702630","137","false","false","209","133"
"BASELINE_TOP120","4400|970x2,980x1,1480x1","{970=2, 980=1, 1480=1} @4400mm (pw=4400, util=100.0%)","true","","0","0","2.083636778","0.122767687","11","0.033937123","232.801624123","2083869.579624120","5","true","true","232.801624123","1876","false","false","253.637991903","1544","false","false","1871","1539"
"BASELINE_TOP120","4330|850x1,1000x1,1240x2","{850=1, 1000=1, 1240=2} @4330mm (pw=4330, util=100.0%)","true","","0","3","1.319727891","0.235746298","17","0.023510746","405.769808746","1320133.660808750","6","true","true","405.769808746","687","false","false","418.967087656","677","false","false","681","671"
"BASELINE_TOP120|LAMBDA0_TOP120|LAMBDA10_TOP120","4320|980x2,1100x1,1260x1","{980=2, 1100=1, 1260=1} @4320mm (pw=4320, util=100.0%)","true","","0","0","1.293477966","0.480501364","22","0.019035385","700.520399385","1294178.486399380","7","true","true","700.520399385","66","false","true","713.455179045","54","true","true","59","47"
"BASELINE_TOP120","4390|850x1,1060x1,1240x2","{850=1, 1060=1, 1240=2} @4390mm (pw=4390, util=100.0%)","true","","0","0","1.285714286","0.220627005","10","0.051370942","320.678375942","1286034.964375940","8","true","true","320.678375942","1113","false","false","333.535518802","1033","false","false","1105","1025"
"BASELINE_TOP120","4390|790x1,1100x1,1250x2","{790=1, 1100=1, 1250=2} @4390mm (pw=4390, util=100.0%)","true","","0","0","1.229864067","0.369902398","14","0.051370942","509.953768942","1230374.020768940","9","true","true","509.953768942","585","false","false","522.252409612","553","false","false","576","544"
"BASELINE_TOP120","4360|980x2,1100x1,1300x1","{980=2, 1100=1, 1300=1} @4360mm (pw=4360, util=100.0%)","true","","0","0","1.000000000","0.455275604","20","0.079784630","655.355388630","1000655.355388630","10","true","true","655.355388630","180","false","false","665.355388630","151","false","false","170","141"
"BASELINE_TOP120","4370|1000x2,1100x1,1270x1","{1000=2, 1100=1, 1270=1} @4370mm (pw=4370, util=100.0%)","true","","0","3","1.000000000","0.397449959","21","0.394673123","607.844632123","1000607.844632120","11","true","true","607.844632123","294","false","false","617.844632123","282","false","false","283","271"
"BASELINE_TOP120","4390|1050x1,1100x2,1140x1","{1050=1, 1100=2, 1140=1} @4390mm (pw=4390, util=100.0%)","true","","0","0","1.000000000","0.358741829","15","0.051370942","508.793199942","1000508.793199940","12","true","true","508.793199942","588","false","false","518.793199942","565","false","false","576","553"
"BASELINE_TOP120","4380|980x1,1100x2,1200x1","{980=1, 1100=2, 1200=1} @4380mm (pw=4380, util=100.0%)","true","","0","0","0.863850334","0.449488435","20","0.105638367","649.594073367","864499.928073367","13","true","true","649.594073367","206","false","false","658.232576707","172","false","false","193","159"
"BASELINE_TOP120","4390|1090x1,1100x3","{1090=1, 1100=3} @4390mm (pw=4390, util=100.0%)","true","","0","0","0.832842148","0.456819607","15","0.051370942","606.870977942","833449.018977942","14","true","true","606.870977942","299","false","false","615.199399422","287","false","false","285","273"
"BASELINE_TOP120","4400|1090x3,1130x1","{1090=3, 1130=1} @4400mm (pw=4400, util=100.0%)","true","","0","1","0.778651272","0.122922788","5","0.033937123","172.956725123","778824.228725123","15","true","true","172.956725123","2961","false","false","180.743237843","2879","false","false","2946","2864"
"BASELINE_TOP120","4330|980x2,1100x1,1270x1","{980=2, 1100=1, 1270=1} @4330mm (pw=4330, util=100.0%)","true","","0","0","0.760958599","0.461019405","20","0.023510746","661.042915746","761619.641915746","16","true","true","661.042915746","160","false","false","668.652501736","139","false","false","144","123"
"BASELINE_TOP120","4400|1050x1,1100x1,1125x2","{1050=1, 1100=1, 1125=2} @4400mm (pw=4400, util=100.0%)","true","","0","0","0.761085993","0.359512096","14","0.033937123","499.546033123","761585.539033123","17","true","true","499.546033123","606","false","false","507.156893053","594","false","false","589","577"
"BASELINE_TOP120","4370|790x1,1100x1,1240x2","{790=1, 1100=1, 1240=2} @4370mm (pw=4370, util=100.0%)","true","","0","0","0.665520390","0.454202130","18","0.394673123","634.596803123","666154.986803123","18","true","true","634.596803123","251","false","false","641.252007023","235","false","false","233","217"
"BASELINE_TOP120","4330|850x1,1130x2,1220x1","{850=1, 1130=2, 1220=1} @4330mm (pw=4330, util=100.0%)","true","","0","0","0.630542996","0.115483790","7","0.023510746","185.507300746","630728.503300746","19","true","true","185.507300746","2822","false","false","191.812730706","2731","false","false","2803","2712"
"BASELINE_TOP120","4380|850x1,970x1,1280x2","{850=1, 970=1, 1280=2} @4380mm (pw=4380, util=100.0%)","true","","0","0","0.533648253","0.128583143","8","0.105638367","208.688781367","533856.941781367","21","true","true","208.688781367","2450","false","false","214.025263897","2302","false","false","2429","2281"
"BASELINE_TOP120","4370|1090x3,1100x1","{1090=3, 1100=1} @4370mm (pw=4370, util=100.0%)","true","","0","0","0.503708123","0.456819607","15","0.394673123","607.214280123","504315.337280123","22","true","true","607.214280123","297","false","false","612.251361353","293","false","false","275","271"
"BASELINE_TOP120","4300|840x1,1100x2,1260x1","{840=1, 1100=2, 1260=1} @4300mm (pw=4300, util=100.0%)","true","","0","0","0.500000000","0.387258447","19","0.013786687","577.272233687","500577.272233687","23","true","true","577.272233687","333","false","false","582.272233687","330","false","false","310","307"
"BASELINE_TOP120","4400|1060x1,1100x2,1140x1","{1060=1, 1100=2, 1140=1} @4400mm (pw=4400, util=100.0%)","true","","0","0","0.500000000","0.377117035","15","0.033937123","527.150972123","500527.150972123","24","true","true","527.150972123","530","false","false","532.150972123","498","false","false","506","474"
"BASELINE_TOP120","4380|1000x2,1100x1,1280x1","{1000=2, 1100=1, 1280=1} @4380mm (pw=4380, util=100.0%)","true","","0","0","0.442533983","0.395886309","21","0.105638367","605.991947367","443139.974947367","25","true","true","605.991947367","300","false","false","610.417287197","297","false","false","275","272"
"BASELINE_TOP120","4390|550x1,840x1,1000x3","{550=1, 840=1, 1000=3} @4390mm (pw=4390, util=100.0%)","true","","0","0","0.346311174","0.057915148","13","0.051370942","187.966518942","346499.140518942","26","true","true","187.966518942","2787","false","false","191.429630682","2740","false","false","2761","2714"
"BASELINE_TOP120","4350|980x2,1090x1,1300x1","{980=2, 1090=1, 1300=1} @4350mm (pw=4350, util=100.0%)","true","","0","1","0.333333333","0.227119443","11","0.044377893","337.163820893","333670.496820893","27","true","true","337.163820893","995","false","false","340.497154223","968","false","false","968","941"
"BASELINE_TOP120","4400|980x1,1140x3","{980=1, 1140=3} @4400mm (pw=4400, util=100.0%)","true","","0","0","0.318552010","0.113317890","9","0.033937123","203.351827123","318755.361827123","28","true","true","203.351827123","2547","false","false","206.537347223","2498","false","false","2519","2470"
"BASELINE_TOP120","4370|980x1,1100x2,1190x1","{980=1, 1100=2, 1190=1} @4370mm (pw=4370, util=100.0%)","true","","0","0","0.317084092","0.453394655","20","0.394673123","653.789328123","317737.881328123","29","true","true","653.789328123","185","false","false","656.960169043","177","false","false","156","148"
"BASELINE_TOP120","4400|850x2,860x2,980x1","{850=2, 860=2, 980=1} @4400mm (pw=4400, util=100.0%)","true","","0","4","0.311499667","0.206342422","12","0.033937123","326.376359123","311826.043359123","30","true","true","326.376359123","1076","false","false","329.491355793","1062","false","false","1046","1032"
"BASELINE_TOP120","4350|1000x2,1100x1,1250x1","{1000=2, 1100=1, 1250=1} @4350mm (pw=4350, util=100.0%)","true","","0","0","0.265520390","0.395155315","21","0.044377893","605.199692893","266125.589692893","31","true","true","605.199692893","302","false","false","607.854896793","298","false","false","271","267"
"BASELINE_TOP120","4310|850x2,1130x1,1480x1","{850=2, 1130=1, 1480=1} @4310mm (pw=4310, util=100.0%)","true","","0","0","0.250000000","0.111143784","7","0.015991367","181.159775367","250181.159775367","32","true","true","181.159775367","2873","false","false","183.659775367","2842","false","false","2841","2810"
"BASELINE_TOP120","4370|1060x2,1125x2","{1060=2, 1125=2} @4370mm (pw=4370, util=100.0%)","true","","0","0","0.240142511","0.035399418","2","0.394673123","55.794091123","240198.305091123","33","true","true","55.794091123","4620","false","false","58.195516233","4599","false","false","4587","4566"
"BASELINE_TOP120","4400|850x4,1000x1","{850=4, 1000=1} @4400mm (pw=4400, util=100.0%)","true","","0","0","0.239130435","0.138288671","12","0.033937123","258.322608123","239388.757608123","34","true","true","258.322608123","1479","false","false","260.713912473","1458","false","false","1445","1424"
"BASELINE_TOP120","4360|980x2,1200x2","{980=2, 1200=2} @4360mm (pw=4360, util=100.0%)","true","","0","0","0.200752708","0.107000551","8","0.079784630","187.080335630","200939.788335630","35","true","true","187.080335630","2800","false","false","189.087862710","2777","false","false","2765","2742"
"BASELINE_TOP120","4390|550x3,760x1,980x1,1000x1","{550=3, 760=1, 980=1, 1000=1} @4390mm (pw=4390, util=100.0%)","true","","0","0","0.147631110","0.162774715","18","0.051370942","342.826085942","147973.936085942","36","true","true","342.826085942","949","false","false","344.302397042","940","false","false","913","904"
"BASELINE_TOP120","4360|840x2,850x2,980x1","{840=2, 850=2, 980=1} @4360mm (pw=4360, util=100.0%)","true","","0","0","0.133879656","0.211694182","15","0.079784630","361.773966630","134241.429966630","37","true","true","361.773966630","819","false","false","363.112763190","813","false","false","782","776"
"BASELINE_TOP120","4390|850x3,860x1,980x1","{850=3, 860=1, 980=1} @4390mm (pw=4390, util=100.0%)","true","","0","0","0.124838613","0.206342422","12","0.051370942","326.393792942","125165.006792942","38","true","true","326.393792942","1075","false","false","327.642179072","1070","false","false","1037","1032"
"BASELINE_TOP120","4380|1050x1,1100x2,1130x1","{1050=1, 1100=2, 1130=1} @4380mm (pw=4380, util=100.0%)","true","","0","0","0.119457004","0.357093987","15","0.105638367","507.199625367","119964.203625367","39","true","true","507.199625367","593","false","false","508.394195407","593","false","false","554","554"
"BASELINE_TOP120","4390|1060x1,1100x2,1130x1","{1060=1, 1100=2, 1130=1} @4390mm (pw=4390, util=100.0%)","true","","0","0","0.112378684","0.375469193","15","0.051370942","525.520563942","112904.204563942","40","true","true","525.520563942","539","false","false","526.644350782","533","false","false","499","493"
"BASELINE_TOP120","4380|850x3,860x1,970x1","{850=3, 860=1, 970=1} @4380mm (pw=4380, util=100.0%)","true","","0","0","0.102564103","0.119178559","8","0.105638367","199.284197367","102763.387197367","41","true","true","199.284197367","2618","false","false","200.309838397","2603","false","false","2577","2562"
"BASELINE_TOP120","4340|860x1,1100x2,1280x1","{860=1, 1100=2, 1280=1} @4340mm (pw=4340, util=100.0%)","true","","0","0","0.099605799","0.360861078","14","0.030737318","500.891815318","100106.690815318","42","true","true","500.891815318","602","false","false","501.887873308","600","false","false","560","558"
"BASELINE_TOP120","4340|980x2,1100x1,1280x1","{980=2, 1100=1, 1280=1} @4340mm (pw=4340, util=100.0%)","true","","0","0","0.086216207","0.459455755","20","0.030737318","659.486492318","86875.693492318","43","true","true","659.486492318","167","false","false","660.348654388","164","false","false","124","121"
"BASELINE_TOP120","4350|1000x1,1100x2,1150x1","{1000=1, 1100=2, 1150=1} @4350mm (pw=4350, util=100.0%)","true","","0","0","0.069954051","0.399358532","22","0.044377893","619.402909893","70573.453909893","44","true","true","619.402909893","278","false","false","620.102450403","277","false","false","234","233"
"BASELINE_TOP120","4400|1100x4","{1100=4} @4400mm (pw=4400, util=100.0%)","true","","0","3","0.068631410","0.342487884","12","0.033937123","462.521821123","69093.931821123","45","true","true","462.521821123","644","false","false","463.208135223","643","false","false","599","598"
"BASELINE_TOP120","4380|1090x2,1100x2","{1090=2, 1100=2} @4380mm (pw=4380, util=100.0%)","true","","0","0","0.055112180","0.456819607","15","0.105638367","606.925245367","55719.105245367","46","true","true","606.925245367","298","false","false","607.476367167","301","false","false","252","255"
"BASELINE_TOP120","4350|550x1,860x1,980x3","{550=1, 860=1, 980=3} @4350mm (pw=4350, util=100.0%)","true","","0","2","0.052368890","0.116132833","9","0.044377893","206.177210893","52575.067210893","47","true","true","206.177210893","2502","false","false","206.700899793","2497","false","false","2455","2450"
"BASELINE_TOP120","4320|760x4,1280x1","{760=4, 1280=1} @4320mm (pw=4320, util=100.0%)","true","","0","0","0.047635528","0.025505539","3","0.019035385","55.524574385","47691.052574385","48","true","true","55.524574385","4624","false","false","56.000929665","4620","false","false","4576","4572"
"BASELINE_TOP120","4340|980x2,1190x2","{980=2, 1190=2} @4340mm (pw=4340, util=100.0%)","true","","0","0","0.045312632","0.110906771","8","0.030737318","190.937508318","45503.569508318","49","true","true","190.937508318","2746","false","false","191.390634638","2741","false","false","2697","2692"
"BASELINE_TOP120","4400|550x3,760x1,840x1,1150x1","{550=3, 760=1, 840=1, 1150=1} @4400mm (pw=4400, util=100.0%)","true","","0","0","0.035792551","0.047383372","9","0.033937123","137.417309123","35929.968309123","50","true","true","137.417309123","3232","false","false","137.775234633","3229","false","false","3182","3179"
"BASELINE_TOP120","4340|860x1,1000x1,1240x2","{860=1, 1000=1, 1240=2} @4340mm (pw=4340, util=100.0%)","true","","0","0","0.034479610","0.141451469","14","0.030737318","281.482206318","34761.092206318","51","true","true","281.482206318","1312","false","false","281.827002418","1310","false","false","1261","1259"
"BASELINE_TOP120","4350|840x3,850x1,980x1","{840=3, 850=1, 980=1} @4350mm (pw=4350, util=100.0%)","true","","0","0","0.022370344","0.211694182","15","0.044377893","361.738559893","22732.082559893","52","true","true","361.738559893","820","false","false","361.962263333","820","false","false","768","768"
"BASELINE_TOP120","4340|1000x1,1100x2,1140x1","{1000=1, 1100=2, 1140=1} @4340mm (pw=4340, util=100.0%)","true","","0","0","0.020720424","0.392236328","22","0.030737318","612.267065318","21332.691065318","53","true","true","612.267065318","290","false","false","612.474269558","291","false","false","237","238"
"BASELINE_TOP120","4350|1060x1,1090x1,1100x2","{1060=1, 1090=1, 1100=2} @4350mm (pw=4350, util=100.0%)","true","","0","0","0.020014433","0.481209851","16","0.044377893","641.254228893","20655.687228893","54","true","true","641.254228893","234","false","false","641.454373223","233","false","false","180","179"
"BASELINE_TOP120","4400|550x3,760x1,860x1,1125x1","{550=3, 760=1, 860=1, 1125=1} @4400mm (pw=4395, util=99.9%)","true","","0","0","0.007394589","0.035679675","5","0.040872618","85.720547618","7480.309547618","55","true","true","85.720547618","4214","false","false","85.794493508","4212","false","false","4159","4157"
"BASELINE_TOP120|LAMBDA0_TOP120|LAMBDA10_TOP120","4320|980x1,1000x1,1100x1,1240x1","{980=1, 1000=1, 1100=1, 1240=1} @4320mm (pw=4320, util=100.0%)","true","","0","0","0.000000000","0.582534030","32","0.019035385","902.553065385","902.553065385","56","true","true","902.553065385","1","true","true","902.553065385","1","true","true","-55","-55"
"BASELINE_TOP120|LAMBDA0_TOP120|LAMBDA10_TOP120","4320|550x1,840x1,850x1,980x1,1100x1","{550=1, 840=1, 850=1, 980=1, 1100=1} @4320mm (pw=4320, util=100.0%)","true","","0","0","0.000000000","0.562751611","28","0.019035385","842.770646385","842.770646385","57","true","true","842.770646385","2","true","true","842.770646385","2","true","true","-55","-55"
"BASELINE_TOP120|LAMBDA0_TOP120|LAMBDA10_TOP120","4340|980x1,1000x1,1100x1,1260x1","{980=1, 1000=1, 1100=1, 1260=1} @4340mm (pw=4340, util=100.0%)","true","","0","0","0.000000000","0.520010901","30","0.030737318","820.041638318","820.041638318","58","true","true","820.041638318","3","true","true","820.041638318","3","true","true","-55","-55"
"BASELINE_TOP120|LAMBDA0_TOP120|LAMBDA10_TOP120","4380|980x1,1060x1,1100x1,1240x1","{980=1, 1060=1, 1100=1, 1240=1} @4380mm (pw=4380, util=100.0%)","true","","0","0","0.000000000","0.567414737","25","0.105638367","817.520375367","817.520375367","59","true","true","817.520375367","4","true","true","817.520375367","4","true","true","-55","-55"
"BASELINE_TOP120|LAMBDA0_TOP120|LAMBDA10_TOP120","4320|980x1,1090x1,1100x1,1150x1","{980=1, 1090=1, 1100=1, 1150=1} @4320mm (pw=4320, util=100.0%)","true","","0","0","0.000000000","0.577259700","24","0.019035385","817.278735385","817.278735385","60","true","true","817.278735385","5","true","true","817.278735385","5","true","true","-55","-55"
"BASELINE_TOP120|LAMBDA0_TOP120|LAMBDA10_TOP120","4300|850x1,1090x1,1100x1,1260x1","{850=1, 1090=1, 1100=1, 1260=1} @4300mm (pw=4300, util=100.0%)","true","","0","0","0.000000000","0.590533239","22","0.013786687","810.547025687","810.547025687","61","false","true","810.547025687","6","true","true","810.547025687","6","true","true","-55","-55"
"BASELINE_TOP120|LAMBDA0_TOP120|LAMBDA10_TOP120","4310|980x1,1090x1,1100x1,1140x1","{980=1, 1090=1, 1100=1, 1140=1} @4310mm (pw=4310, util=100.0%)","true","","0","0","0.000000000","0.570137497","24","0.015991367","810.153488367","810.153488367","62","false","true","810.153488367","7","true","true","810.153488367","7","true","true","-55","-55"
"BASELINE_TOP120|LAMBDA0_TOP120|LAMBDA10_TOP120","4300|980x1,1090x1,1100x1,1130x1","{980=1, 1090=1, 1100=1, 1130=1} @4300mm (pw=4300, util=100.0%)","true","","0","0","0.000000000","0.568489655","24","0.013786687","808.503441687","808.503441687","63","false","true","808.503441687","8","true","true","808.503441687","8","true","true","-55","-55"
"BASELINE_TOP120|LAMBDA0_TOP120|LAMBDA10_TOP120","4340|550x1,850x1,860x1,980x1,1100x1","{550=1, 850=1, 860=1, 980=1, 1100=1} @4340mm (pw=4340, util=100.0%)","true","","0","0","0.000000000","0.557399851","25","0.030737318","807.430588318","807.430588318","64","false","true","807.430588318","9","true","true","807.430588318","9","true","true","-55","-55"
"BASELINE_TOP120|LAMBDA0_TOP120|LAMBDA10_TOP120","4390|550x1,760x1,980x1,1000x1,1100x1","{550=1, 760=1, 980=1, 1000=1, 1100=1} @4390mm (pw=4390, util=100.0%)","true","","0","0","0.000000000","0.505262599","30","0.051370942","805.313969942","805.313969942","65","false","true","805.313969942","10","true","true","805.313969942","10","true","true","-55","-55"
"BASELINE_TOP120|LAMBDA0_TOP120|LAMBDA10_TOP120","4400|970x1,1090x1,1100x1,1240x1","{970=1, 1090=1, 1100=1, 1240=1} @4400mm (pw=4400, util=100.0%)","true","","0","0","0.000000000","0.570192353","23","0.033937123","800.226290123","800.226290123","66","false","true","800.226290123","11","true","true","800.226290123","11","true","true","-55","-55"
"BASELINE_TOP120|LAMBDA0_TOP120|LAMBDA10_TOP120","4370|980x1,1050x1,1100x1,1240x1","{980=1, 1050=1, 1100=1, 1240=1} @4370mm (pw=4370, util=100.0%)","true","","0","0","0.000000000","0.549039531","25","0.394673123","799.434204123","799.434204123","67","false","true","799.434204123","12","true","true","799.434204123","12","true","true","-55","-55"
"BASELINE_TOP120|LAMBDA0_TOP120|LAMBDA10_TOP120","4390|980x1,1090x1,1100x1,1220x1","{980=1, 1090=1, 1100=1, 1220=1} @4390mm (pw=4390, util=100.0%)","true","","0","0","0.000000000","0.568012180","23","0.051370942","798.063550942","798.063550942","68","false","true","798.063550942","13","true","true","798.063550942","13","true","true","-55","-55"
"BASELINE_TOP120|LAMBDA0_TOP120|LAMBDA10_TOP120","4360|980x1,1090x1,1100x1,1190x1","{980=1, 1090=1, 1100=1, 1190=1} @4360mm (pw=4360, util=100.0%)","true","","0","0","0.000000000","0.567726378","23","0.079784630","797.806162630","797.806162630","69","false","true","797.806162630","14","true","true","797.806162630","14","true","true","-55","-55"
"BASELINE_TOP120|LAMBDA0_TOP120|LAMBDA10_TOP120","4350|550x1,760x1,850x1,1090x1,1100x1","{550=1, 760=1, 850=1, 1090=1, 1100=1} @4350mm (pw=4350, util=100.0%)","true","","0","0","0.000000000","0.575784937","22","0.044377893","795.829314893","795.829314893","70","false","true","795.829314893","15","true","true","795.829314893","15","true","true","-55","-55"
"BASELINE_TOP120|LAMBDA0_TOP120|LAMBDA10_TOP120","4370|980x1,1090x1,1100x1,1200x1","{980=1, 1090=1, 1100=1, 1200=1} @4370mm (pw=4370, util=100.0%)","true","","0","0","0.000000000","0.563820158","23","0.394673123","794.214831123","794.214831123","71","false","true","794.214831123","16","true","true","794.214831123","16","true","true","-55","-55"
"BASELINE_TOP120|LAMBDA0_TOP120|LAMBDA10_TOP120","4330|550x1,850x2,980x1,1100x1","{550=1, 850=2, 980=1, 1100=1} @4330mm (pw=4330, util=100.0%)","true","","0","0","0.000000000","0.552915546","24","0.023510746","792.939056746","792.939056746","72","false","true","792.939056746","17","true","true","792.939056746","17","true","true","-55","-55"
"BASELINE_TOP120|LAMBDA0_TOP120|LAMBDA10_TOP120","4340|550x1,840x1,850x1,1000x1,1100x1","{550=1, 840=1, 850=1, 1000=1, 1100=1} @4340mm (pw=4340, util=100.0%)","true","","0","0","0.000000000","0.499182165","29","0.030737318","789.212902318","789.212902318","73","false","true","789.212902318","18","true","true","789.212902318","18","true","true","-55","-55"
"BASELINE_TOP120|LAMBDA0_TOP120|LAMBDA10_TOP120","4380|550x1,790x1,850x1,1090x1,1100x1","{550=1, 790=1, 850=1, 1090=1, 1100=1} @4380mm (pw=4380, util=100.0%)","true","","0","0","0.000000000","0.578424905","21","0.105638367","788.530543367","788.530543367","74","false","true","788.530543367","19","true","true","788.530543367","19","true","true","-55","-55"
"BASELINE_TOP120|LAMBDA0_TOP120|LAMBDA10_TOP120","4340|850x1,1100x1,1150x1,1240x1","{850=1, 1100=1, 1150=1, 1240=1} @4340mm (pw=4340, util=100.0%)","true","","0","0","0.000000000","0.556085756","23","0.030737318","786.116493318","786.116493318","75","false","true","786.116493318","20","true","true","786.116493318","20","true","true","-55","-55"
"BASELINE_TOP120|LAMBDA0_TOP120|LAMBDA10_TOP120","4300|980x2,1100x1,1240x1","{980=2, 1100=1, 1240=1} @4300mm (pw=4300, util=100.0%)","true","","0","0","0.000000000","0.543024493","24","0.013786687","783.038279687","783.038279687","76","false","true","783.038279687","21","true","true","783.038279687","21","true","true","-55","-55"
"BASELINE_TOP120|LAMBDA0_TOP120|LAMBDA10_TOP120","4350|980x1,1000x1,1100x1,1270x1","{980=1, 1000=1, 1100=1, 1270=1} @4350mm (pw=4350, util=100.0%)","true","","0","0","0.000000000","0.500528942","28","0.044377893","780.573319893","780.573319893","77","false","true","780.573319893","22","true","true","780.573319893","22","true","true","-55","-55"
"BASELINE_TOP120|LAMBDA0_TOP120|LAMBDA10_TOP120","4360|980x1,1000x1,1100x1,1280x1","{980=1, 1000=1, 1100=1, 1280=1} @4360mm (pw=4360, util=100.0%)","true","","0","0","0.000000000","0.498965292","28","0.079784630","779.045076630","779.045076630","78","false","true","779.045076630","23","true","true","779.045076630","23","true","true","-55","-55"
"BASELINE_TOP120|LAMBDA0_TOP120|LAMBDA10_TOP120","4330|850x1,1100x1,1140x1,1240x1","{850=1, 1100=1, 1140=1, 1240=1} @4330mm (pw=4330, util=100.0%)","true","","0","0","0.000000000","0.548963553","23","0.023510746","778.987063746","778.987063746","79","false","true","778.987063746","24","true","true","778.987063746","24","true","true","-55","-55"
"BASELINE_TOP120|LAMBDA0_TOP120|LAMBDA10_TOP120","4330|980x1,1000x1,1100x1,1250x1","{980=1, 1000=1, 1100=1, 1250=1} @4330mm (pw=4330, util=100.0%)","true","","0","0","0.000000000","0.498234298","28","0.023510746","778.257808746","778.257808746","80","false","true","778.257808746","25","true","true","778.257808746","25","true","true","-55","-55"
"BASELINE_TOP120|LAMBDA0_TOP120|LAMBDA10_TOP120","4320|850x1,1100x1,1130x1,1240x1","{850=1, 1100=1, 1130=1, 1240=1} @4320mm (pw=4320, util=100.0%)","true","","0","0","0.000000000","0.547315710","23","0.019035385","777.334745385","777.334745385","81","false","true","777.334745385","26","true","true","777.334745385","26","true","true","-55","-55"
"BASELINE_TOP120|LAMBDA0_TOP120|LAMBDA10_TOP120","4310|970x1,1000x1,1100x1,1240x1","{970=1, 1000=1, 1100=1, 1240=1} @4310mm (pw=4310, util=100.0%)","true","","0","0","0.000000000","0.495370167","28","0.015991367","775.386158367","775.386158367","82","false","true","775.386158367","27","true","true","775.386158367","27","true","true","-55","-55"
"BASELINE_TOP120|LAMBDA0_TOP120|LAMBDA10_TOP120","4380|980x1,1000x1,1100x1,1300x1","{980=1, 1000=1, 1100=1, 1300=1} @4380mm (pw=4380, util=100.0%)","true","","0","0","0.000000000","0.494785141","28","0.105638367","774.890779367","774.890779367","83","false","true","774.890779367","28","true","true","774.890779367","28","true","true","-55","-55"
"BASELINE_TOP120|LAMBDA0_TOP120|LAMBDA10_TOP120","4300|980x1,1000x1,1100x1,1220x1","{980=1, 1000=1, 1100=1, 1220=1} @4300mm (pw=4300, util=100.0%)","true","","0","0","0.000000000","0.493189993","28","0.013786687","773.203779687","773.203779687","84","false","true","773.203779687","29","true","true","773.203779687","29","true","true","-55","-55"
"BASELINE_TOP120|LAMBDA0_TOP120|LAMBDA10_TOP120","4310|850x1,1090x1,1100x1,1270x1","{850=1, 1090=1, 1100=1, 1270=1} @4310mm (pw=4310, util=100.0%)","true","","0","0","0.000000000","0.571051280","20","0.015991367","771.067271367","771.067271367","85","false","true","771.067271367","30","true","true","771.067271367","30","true","true","-55","-55"
"BASELINE_TOP120|LAMBDA0_TOP120|LAMBDA10_TOP120","4320|850x1,1100x1,1125x1,1240x1","{850=1, 1100=1, 1125=1, 1240=1} @4320mm (pw=4315, util=99.9%)","true","","0","0","0.000000000","0.549733819","22","0.017381105","769.751200105","769.751200105","86","false","true","769.751200105","31","true","true","769.751200105","31","true","true","-55","-55"
"BASELINE_TOP120|LAMBDA0_TOP120|LAMBDA10_TOP120","4320|850x1,1090x1,1100x1,1280x1","{850=1, 1090=1, 1100=1, 1280=1} @4320mm (pw=4320, util=100.0%)","true","","0","0","0.000000000","0.569487630","20","0.019035385","769.506665385","769.506665385","87","false","true","769.506665385","32","true","true","769.506665385","32","true","true","-55","-55"
"BASELINE_TOP120|LAMBDA0_TOP120|LAMBDA10_TOP120","4380|850x1,1100x1,1190x1,1240x1","{850=1, 1100=1, 1190=1, 1240=1} @4380mm (pw=4380, util=100.0%)","true","","0","0","0.000000000","0.546552434","22","0.105638367","766.658072367","766.658072367","88","false","true","766.658072367","33","true","true","766.658072367","33","true","true","-55","-55"
"BASELINE_TOP120|LAMBDA0_TOP120|LAMBDA10_TOP120","4340|850x1,1090x1,1100x1,1300x1","{850=1, 1090=1, 1100=1, 1300=1} @4340mm (pw=4340, util=100.0%)","true","","0","0","0.000000000","0.565307479","20","0.030737318","765.338216318","765.338216318","89","false","true","765.338216318","34","true","true","765.338216318","34","true","true","-55","-55"
"BASELINE_TOP120|LAMBDA0_TOP120|LAMBDA10_TOP120","4400|1000x1,1060x1,1100x1,1240x1","{1000=1, 1060=1, 1100=1, 1240=1} @4400mm (pw=4400, util=100.0%)","true","","0","0","0.000000000","0.503845291","26","0.033937123","763.879228123","763.879228123","90","false","true","763.879228123","35","true","true","763.879228123","35","true","true","-55","-55"
"BASELINE_TOP120|LAMBDA0_TOP120|LAMBDA10_TOP120","4340|1000x1,1090x1,1100x1,1150x1","{1000=1, 1090=1, 1100=1, 1150=1} @4340mm (pw=4340, util=100.0%)","true","","0","0","0.000000000","0.513690255","25","0.030737318","763.720992318","763.720992318","91","false","true","763.720992318","36","true","true","763.720992318","36","true","true","-55","-55"
"BASELINE_TOP120|LAMBDA0_TOP120|LAMBDA10_TOP120","4390|850x1,1100x1,1200x1,1240x1","{850=1, 1100=1, 1200=1, 1240=1} @4390mm (pw=4390, util=100.0%)","true","","0","0","0.000000000","0.542646214","22","0.051370942","762.697584942","762.697584942","92","false","true","762.697584942","37","true","true","762.697584942","37","true","true","-55","-55"
"BASELINE_TOP120|LAMBDA0_TOP120|LAMBDA10_TOP120","4330|1000x1,1090x1,1100x1,1140x1","{1000=1, 1090=1, 1100=1, 1140=1} @4330mm (pw=4330, util=100.0%)","true","","0","0","0.000000000","0.506568051","25","0.023510746","756.591561746","756.591561746","93","false","true","756.591561746","38","true","true","756.591561746","38","true","true","-55","-55"
"BASELINE_TOP120|LAMBDA0_TOP120|LAMBDA10_TOP120","4320|1000x1,1090x1,1100x1,1130x1","{1000=1, 1090=1, 1100=1, 1130=1} @4320mm (pw=4320, util=100.0%)","true","","0","0","0.000000000","0.504920209","25","0.019035385","754.939244385","754.939244385","94","false","true","754.939244385","39","true","true","754.939244385","39","true","true","-55","-55"
"BASELINE_TOP120|LAMBDA0_TOP120|LAMBDA10_TOP120","4360|550x1,850x1,860x1,1000x1,1100x1","{550=1, 850=1, 860=1, 1000=1, 1100=1} @4360mm (pw=4360, util=100.0%)","true","","0","0","0.000000000","0.493830405","26","0.079784630","753.910189630","753.910189630","95","false","true","753.910189630","40","true","true","753.910189630","40","true","true","-55","-55"
"BASELINE_TOP120|LAMBDA0_TOP120|LAMBDA10_TOP120","4320|1000x1,1090x1,1100x1,1125x1","{1000=1, 1090=1, 1100=1, 1125=1} @4320mm (pw=4315, util=99.9%)","true","","0","0","0.000000000","0.507338318","24","0.017381105","747.355699105","747.355699105","96","false","true","747.355699105","41","true","true","747.355699105","41","true","true","-55","-55"
"BASELINE_TOP120|LAMBDA0_TOP120|LAMBDA10_TOP120","4310|970x1,980x1,1100x1,1260x1","{970=1, 980=1, 1100=1, 1260=1} @4310mm (pw=4310, util=100.0%)","true","","0","0","0.000000000","0.496416483","25","0.015991367","746.432474367","746.432474367","97","false","true","746.432474367","42","true","true","746.432474367","42","true","true","-55","-55"
"BASELINE_TOP120|LAMBDA0_TOP120|LAMBDA10_TOP120","4390|1000x1,1050x1,1100x1,1240x1","{1000=1, 1050=1, 1100=1, 1240=1} @4390mm (pw=4390, util=100.0%)","true","","0","0","0.000000000","0.485470085","26","0.051370942","745.521455942","745.521455942","98","false","true","745.521455942","43","true","true","745.521455942","43","true","true","-55","-55"
"BASELINE_TOP120|LAMBDA0_TOP120|LAMBDA10_TOP120","4380|1000x1,1090x1,1100x1,1190x1","{1000=1, 1090=1, 1100=1, 1190=1} @4380mm (pw=4380, util=100.0%)","true","","0","0","0.000000000","0.504156932","24","0.105638367","744.262570367","744.262570367","99","false","true","744.262570367","44","true","true","744.262570367","44","true","true","-55","-55"
"BASELINE_TOP120|LAMBDA0_TOP120|LAMBDA10_TOP120","4390|1000x1,1090x1,1100x1,1200x1","{1000=1, 1090=1, 1100=1, 1200=1} @4390mm (pw=4390, util=100.0%)","true","","0","0","0.000000000","0.500250712","24","0.051370942","740.302082942","740.302082942","100","false","true","740.302082942","45","true","true","740.302082942","45","true","true","-55","-55"
"BASELINE_TOP120|LAMBDA0_TOP120|LAMBDA10_TOP120","4350|550x1,850x2,1000x1,1100x1","{550=1, 850=2, 1000=1, 1100=1} @4350mm (pw=4350, util=100.0%)","true","","0","0","0.000000000","0.489346100","25","0.044377893","739.390477893","739.390477893","101","false","true","739.390477893","46","true","true","739.390477893","46","true","true","-55","-55"
"BASELINE_TOP120|LAMBDA0_TOP120|LAMBDA10_TOP120","4400|980x1,1060x1,1100x1,1260x1","{980=1, 1060=1, 1100=1, 1260=1} @4400mm (pw=4400, util=100.0%)","true","","0","0","0.000000000","0.504891608","23","0.033937123","734.925545123","734.925545123","102","false","true","734.925545123","47","true","true","734.925545123","47","true","true","-55","-55"
"BASELINE_TOP120|LAMBDA0_TOP120|LAMBDA10_TOP120","4360|550x1,760x1,970x1,980x1,1100x1","{550=1, 760=1, 970=1, 980=1, 1100=1} @4360mm (pw=4360, util=100.0%)","true","","0","0","0.000000000","0.481668181","25","0.079784630","731.747965630","731.747965630","103","false","true","731.747965630","48","true","true","731.747965630","48","true","true","-55","-55"
"BASELINE_TOP120|LAMBDA0_TOP120|LAMBDA10_TOP120","4340|1000x2,1100x1,1240x1","{1000=2, 1100=1, 1240=1} @4340mm (pw=4340, util=100.0%)","true","","0","0","0.000000000","0.479455048","25","0.030737318","729.485785318","729.485785318","104","false","true","729.485785318","49","true","true","729.485785318","49","true","true","-55","-55"
"BASELINE_TOP120|LAMBDA0_TOP120|LAMBDA10_TOP120","4390|550x1,790x1,970x1,980x1,1100x1","{550=1, 790=1, 970=1, 980=1, 1100=1} @4390mm (pw=4390, util=100.0%)","true","","0","0","0.000000000","0.484308150","24","0.051370942","724.359520942","724.359520942","105","false","true","724.359520942","50","true","true","724.359520942","50","true","true","-55","-55"
"BASELINE_TOP120|LAMBDA0_TOP120|LAMBDA10_TOP120","4330|550x1,840x1,860x1,980x1,1100x1","{550=1, 840=1, 860=1, 980=1, 1100=1} @4330mm (pw=4330, util=100.0%)","true","","0","0","0.000000000","0.468456782","25","0.023510746","718.480292746","718.480292746","106","false","true","718.480292746","51","true","true","718.480292746","51","true","true","-55","-55"
"BASELINE_TOP120|LAMBDA0_TOP120|LAMBDA10_TOP120","4390|980x1,1050x1,1100x1,1260x1","{980=1, 1050=1, 1100=1, 1260=1} @4390mm (pw=4390, util=100.0%)","true","","0","0","0.000000000","0.486516402","23","0.051370942","716.567772942","716.567772942","107","false","true","716.567772942","52","true","true","716.567772942","52","true","true","-55","-55"
"BASELINE_TOP120|LAMBDA0_TOP120|LAMBDA10_TOP120","4310|550x1,840x1,850x1,970x1,1100x1","{550=1, 840=1, 850=1, 970=1, 1100=1} @4310mm (pw=4310, util=100.0%)","true","","0","0","0.000000000","0.475587748","24","0.015991367","715.603739367","715.603739367","108","false","true","715.603739367","53","true","true","715.603739367","53","true","true","-55","-55"
"BASELINE_TOP120|LAMBDA0_TOP120|LAMBDA10_TOP120","4340|760x1,790x1,840x1,850x1,1100x1","{760=1, 790=1, 840=1, 850=1, 1100=1} @4340mm (pw=4340, util=100.0%)","true","","0","0","0.000000000","0.476976353","23","0.030737318","707.007090318","707.007090318","109","false","true","707.007090318","54","true","true","707.007090318","55","true","true","-55","-54"
"BASELINE_TOP120|LAMBDA0_TOP120|LAMBDA10_TOP120","4320|970x1,980x1,1100x1,1270x1","{970=1, 980=1, 1100=1, 1270=1} @4320mm (pw=4320, util=100.0%)","true","","0","0","0.000000000","0.476934524","23","0.019035385","706.953559385","706.953559385","110","false","true","706.953559385","55","true","true","706.953559385","56","true","true","-55","-54"
"BASELINE_TOP120|LAMBDA0_TOP120|LAMBDA10_TOP120","4340|550x1,760x1,840x1,1090x1,1100x1","{550=1, 760=1, 840=1, 1090=1, 1100=1} @4340mm (pw=4340, util=100.0%)","true","","0","0","0.000000000","0.486841868","22","0.030737318","706.872605318","706.872605318","111","false","true","706.872605318","56","true","true","706.872605318","57","true","true","-55","-54"
"BASELINE_TOP120|LAMBDA0_TOP120|LAMBDA10_TOP120","4360|760x1,1100x1,1240x1,1260x1","{760=1, 1100=1, 1240=1, 1260=1} @4360mm (pw=4360, util=100.0%)","true","","0","0","0.000000000","0.486496659","22","0.079784630","706.576443630","706.576443630","112","false","true","706.576443630","57","true","true","706.576443630","58","true","true","-55","-54"
"BASELINE_TOP120|LAMBDA0_TOP120|LAMBDA10_TOP120","4330|970x1,980x1,1100x1,1280x1","{970=1, 980=1, 1100=1, 1280=1} @4330mm (pw=4330, util=100.0%)","true","","0","0","0.000000000","0.475370875","23","0.023510746","705.394385746","705.394385746","113","false","true","705.394385746","58","true","true","705.394385746","59","true","true","-55","-54"
"BASELINE_TOP120|LAMBDA0_TOP120|LAMBDA10_TOP120","4300|970x1,980x1,1100x1,1250x1","{970=1, 980=1, 1100=1, 1250=1} @4300mm (pw=4300, util=100.0%)","true","","0","0","0.000000000","0.474639880","23","0.013786687","704.653666687","704.653666687","114","false","true","704.653666687","59","true","true","704.653666687","60","true","true","-55","-54"
"BASELINE_TOP120|LAMBDA0_TOP120|LAMBDA10_TOP120","4400|550x1,840x1,850x1,1060x1,1100x1","{550=1, 840=1, 850=1, 1060=1, 1100=1} @4400mm (pw=4400, util=100.0%)","true","","0","0","0.000000000","0.484062873","22","0.033937123","704.096810123","704.096810123","115","false","true","704.096810123","60","true","true","704.096810123","61","false","true","-55","-54"
"BASELINE_TOP120|LAMBDA0_TOP120|LAMBDA10_TOP120","4310|550x1,840x2,980x1,1100x1","{550=1, 840=2, 980=1, 1100=1} @4310mm (pw=4310, util=100.0%)","true","","0","0","0.000000000","0.463972477","24","0.015991367","703.988468367","703.988468367","116","false","true","703.988468367","61","false","true","703.988468367","62","false","true","-55","-54"
"BASELINE_TOP120|LAMBDA0_TOP120|LAMBDA10_TOP120","4360|850x1,1100x1,1150x1,1260x1","{850=1, 1100=1, 1150=1, 1260=1} @4360mm (pw=4360, util=100.0%)","true","","0","0","0.000000000","0.493562627","21","0.079784630","703.642411630","703.642411630","117","false","true","703.642411630","62","false","true","703.642411630","63","false","true","-55","-54"
"BASELINE_TOP120|LAMBDA0_TOP120|LAMBDA10_TOP120","4370|980x1,1100x1,1140x1,1150x1","{980=1, 1100=1, 1140=1, 1150=1} @4370mm (pw=4370, util=100.0%)","true","","0","0","0.000000000","0.473166885","23","0.394673123","703.561558123","703.561558123","118","false","true","703.561558123","63","false","true","703.561558123","64","false","true","-55","-54"
"BASELINE_TOP120|LAMBDA0_TOP120|LAMBDA10_TOP120","4360|980x1,1100x1,1130x1,1150x1","{980=1, 1100=1, 1130=1, 1150=1} @4360mm (pw=4360, util=100.0%)","true","","0","0","0.000000000","0.471519043","23","0.079784630","701.598827630","701.598827630","119","false","true","701.598827630","64","false","true","701.598827630","65","false","true","-55","-54"
"BASELINE_TOP120|LAMBDA0_TOP120|LAMBDA10_TOP120","4350|970x1,980x1,1100x1,1300x1","{970=1, 980=1, 1100=1, 1300=1} @4350mm (pw=4350, util=100.0%)","true","","0","0","0.000000000","0.471190724","23","0.044377893","701.235101893","701.235101893","120","false","true","701.235101893","65","false","true","701.235101893","66","false","true","-55","-54"
"LAMBDA0_TOP120|LAMBDA10_TOP120","4370|550x1,790x1,840x1,1090x1,1100x1","{550=1, 790=1, 840=1, 1090=1, 1100=1} @4370mm (pw=4370, util=100.0%)","true","","0","0","0.000000000","0.489481837","21","0.394673123","699.876510123","699.876510123","121","false","false","699.876510123","67","false","true","699.876510123","67","false","true","-54","-54"
"LAMBDA0_TOP120|LAMBDA10_TOP120","4400|840x1,980x1,1100x1,1480x1","{840=1, 980=1, 1100=1, 1480=1} @4400mm (pw=4400, util=100.0%)","true","","0","0","0.000000000","0.459176517","24","0.033937123","699.210454123","699.210454123","122","false","false","699.210454123","68","false","true","699.210454123","68","false","true","-54","-54"
"LAMBDA0_TOP120|LAMBDA10_TOP120","4390|790x1,1100x1,1240x1,1260x1","{790=1, 1100=1, 1240=1, 1260=1} @4390mm (pw=4390, util=100.0%)","true","","0","0","0.000000000","0.489136628","21","0.051370942","699.187998942","699.187998942","123","false","false","699.187998942","69","false","true","699.187998942","69","false","true","-54","-54"
"LAMBDA0_TOP120|LAMBDA10_TOP120","4330|840x1,1100x1,1150x1,1240x1","{840=1, 1100=1, 1150=1, 1240=1} @4330mm (pw=4330, util=100.0%)","true","","0","0","0.000000000","0.467142687","23","0.023510746","697.166197746","697.166197746","124","false","false","697.166197746","70","false","true","697.166197746","70","false","true","-54","-54"
"LAMBDA0_TOP120|LAMBDA10_TOP120","4350|850x1,1100x1,1140x1,1260x1","{850=1, 1100=1, 1140=1, 1260=1} @4350mm (pw=4350, util=100.0%)","true","","0","0","0.000000000","0.486440424","21","0.044377893","696.484801893","696.484801893","125","false","false","696.484801893","71","false","true","696.484801893","71","false","true","-54","-54"
"LAMBDA0_TOP120|LAMBDA10_TOP120","4340|850x1,1100x1,1130x1,1260x1","{850=1, 1100=1, 1130=1, 1260=1} @4340mm (pw=4340, util=100.0%)","true","","0","0","0.000000000","0.484792581","21","0.030737318","694.823318318","694.823318318","126","false","false","694.823318318","72","false","true","694.823318318","72","false","true","-54","-54"
"LAMBDA0_TOP120|LAMBDA10_TOP120","4350|980x1,1100x1,1130x1,1140x1","{980=1, 1100=1, 1130=1, 1140=1} @4350mm (pw=4350, util=100.0%)","true","","0","0","0.000000000","0.464396839","23","0.044377893","694.441216893","694.441216893","127","false","false","694.441216893","73","false","true","694.441216893","73","false","true","-54","-54"
"LAMBDA0_TOP120|LAMBDA10_TOP120","4360|980x1,1100x1,1125x1,1150x1","{980=1, 1100=1, 1125=1, 1150=1} @4360mm (pw=4355, util=99.9%)","true","","0","0","0.000000000","0.473937152","22","0.057032890","693.994184890","693.994184890","128","false","false","693.994184890","74","false","true","693.994184890","74","false","true","-54","-54"
"LAMBDA0_TOP120|LAMBDA10_TOP120","4390|980x1,1060x1,1100x1,1250x1","{980=1, 1060=1, 1100=1, 1250=1} @4390mm (pw=4390, util=100.0%)","true","","0","0","0.000000000","0.483115005","21","0.051370942","693.166375942","693.166375942","129","false","false","693.166375942","75","false","true","693.166375942","75","false","true","-54","-54"
"LAMBDA0_TOP120|LAMBDA10_TOP120","4330|970x1,1000x1,1100x1,1260x1","{970=1, 1000=1, 1100=1, 1260=1} @4330mm (pw=4330, util=100.0%)","true","","0","0","0.000000000","0.432847038","26","0.023510746","692.870548746","692.870548746","130","false","false","692.870548746","76","false","true","692.870548746","76","false","true","-54","-54"
"LAMBDA0_TOP120|LAMBDA10_TOP120","4330|550x2,980x1,1100x1,1150x1","{550=2, 980=1, 1100=1, 1150=1} @4330mm (pw=4330, util=100.0%)","true","","0","0","0.000000000","0.471497523","22","0.023510746","691.521033746","691.521033746","131","false","false","691.521033746","77","false","true","691.521033746","77","false","true","-54","-54"
"LAMBDA0_TOP120|LAMBDA10_TOP120","4390|760x2,790x1,980x1,1100x1","{760=2, 790=1, 980=1, 1100=1} @4390mm (pw=4390, util=100.0%)","true","","0","0","0.000000000","0.471440136","22","0.051370942","691.491506942","691.491506942","132","false","false","691.491506942","78","false","true","691.491506942","78","false","true","-54","-54"
"LAMBDA0_TOP120|LAMBDA10_TOP120","4370|970x1,1060x1,1100x1,1240x1","{970=1, 1060=1, 1100=1, 1240=1} @4370mm (pw=4370, util=100.0%)","true","","0","0","0.000000000","0.480250874","21","0.394673123","690.645547123","690.645547123","133","false","false","690.645547123","79","false","true","690.645547123","79","false","true","-54","-54"
"LAMBDA0_TOP120|LAMBDA10_TOP120","4310|970x1,1090x1,1100x1,1150x1","{970=1, 1090=1, 1100=1, 1150=1} @4310mm (pw=4310, util=100.0%)","true","","0","0","0.000000000","0.490095837","20","0.015991367","690.111828367","690.111828367","134","false","false","690.111828367","80","false","true","690.111828367","80","false","true","-54","-54"
"LAMBDA0_TOP120|LAMBDA10_TOP120","4320|840x1,1100x1,1140x1,1240x1","{840=1, 1100=1, 1140=1, 1240=1} @4320mm (pw=4320, util=100.0%)","true","","0","0","0.000000000","0.460020484","23","0.019035385","690.039519385","690.039519385","135","false","false","690.039519385","81","false","true","690.039519385","81","false","true","-54","-54"
"LAMBDA0_TOP120|LAMBDA10_TOP120","4310|840x1,1100x1,1130x1,1240x1","{840=1, 1100=1, 1130=1, 1240=1} @4310mm (pw=4310, util=100.0%)","true","","0","0","0.000000000","0.458372642","23","0.015991367","688.388633367","688.388633367","136","false","false","688.388633367","82","false","true","688.388633367","82","false","true","-54","-54"
"LAMBDA0_TOP120|LAMBDA10_TOP120","4360|980x1,1060x1,1100x1,1220x1","{980=1, 1060=1, 1100=1, 1220=1} @4360mm (pw=4360, util=100.0%)","true","","0","0","0.000000000","0.478070700","21","0.079784630","688.150484630","688.150484630","137","false","false","688.150484630","83","false","true","688.150484630","83","false","true","-54","-54"
"LAMBDA0_TOP120|LAMBDA10_TOP120","4330|980x1,1060x1,1100x1,1190x1","{980=1, 1060=1, 1100=1, 1190=1} @4330mm (pw=4330, util=100.0%)","true","","0","0","0.000000000","0.477784899","21","0.023510746","687.808409746","687.808409746","138","false","false","687.808409746","84","false","true","687.808409746","84","false","true","-54","-54"
"LAMBDA0_TOP120|LAMBDA10_TOP120","4340|850x1,1100x1,1125x1,1260x1","{850=1, 1100=1, 1125=1, 1260=1} @4340mm (pw=4335, util=99.9%)","true","","0","0","0.000000000","0.487210690","20","0.026642694","687.237332694","687.237332694","139","false","false","687.237332694","85","false","true","687.237332694","85","false","true","-54","-54"
"LAMBDA0_TOP120|LAMBDA10_TOP120","4350|980x1,1100x1,1125x1,1140x1","{980=1, 1100=1, 1125=1, 1140=1} @4350mm (pw=4345, util=99.9%)","true","","0","0","0.000000000","0.466814948","22","0.036319073","686.851267073","686.851267073","140","false","false","686.851267073","86","false","true","686.851267073","86","false","true","-54","-54"
"LAMBDA0_TOP120|LAMBDA10_TOP120","4310|860x1,1090x1,1100x1,1260x1","{860=1, 1090=1, 1100=1, 1260=1} @4310mm (pw=4310, util=100.0%)","true","","0","0","0.000000000","0.496238409","19","0.015991367","686.254400367","686.254400367","141","false","false","686.254400367","87","false","true","686.254400367","87","false","true","-54","-54"
"LAMBDA0_TOP120|LAMBDA10_TOP120","4370|550x1,760x1,980x2,1100x1","{550=1, 760=1, 980=2, 1100=1} @4370mm (pw=4370, util=100.0%)","true","","0","0","0.000000000","0.465753062","22","0.394673123","686.147735123","686.147735123","142","false","false","686.147735123","88","false","true","686.147735123","88","false","true","-54","-54"
"LAMBDA0_TOP120|LAMBDA10_TOP120","4320|550x1,760x1,850x1,1060x1,1100x1","{550=1, 760=1, 850=1, 1060=1, 1100=1} @4320mm (pw=4320, util=100.0%)","true","","0","0","0.000000000","0.485843458","20","0.019035385","685.862493385","685.862493385","143","false","false","685.862493385","89","false","true","685.862493385","89","false","true","-54","-54"
"LAMBDA0_TOP120|LAMBDA10_TOP120","4390|550x1,840x1,850x1,1050x1,1100x1","{550=1, 840=1, 850=1, 1050=1, 1100=1} @4390mm (pw=4390, util=100.0%)","true","","0","0","0.000000000","0.465687666","22","0.051370942","685.739036942","685.739036942","144","false","false","685.739036942","90","false","true","685.739036942","90","false","true","-54","-54"
"LAMBDA0_TOP120|LAMBDA10_TOP120","4340|980x1,1100x1,1125x1,1130x1","{980=1, 1100=1, 1125=1, 1130=1} @4340mm (pw=4335, util=99.9%)","true","","0","0","0.000000000","0.465167106","22","0.026642694","685.193748694","685.193748694","145","false","false","685.193748694","91","false","true","685.193748694","91","false","true","-54","-54"
"LAMBDA0_TOP120|LAMBDA10_TOP120","4310|550x2,850x1,1100x1,1260x1","{550=2, 850=1, 1100=1, 1260=1} @4310mm (pw=4310, util=100.0%)","true","","0","0","0.000000000","0.484771061","20","0.015991367","684.787052367","684.787052367","146","false","false","684.787052367","92","false","true","684.787052367","92","false","true","-54","-54"
"LAMBDA0_TOP120|LAMBDA10_TOP120","4320|550x2,980x1,1100x1,1140x1","{550=2, 980=1, 1100=1, 1140=1} @4320mm (pw=4320, util=100.0%)","true","","0","0","0.000000000","0.464375319","22","0.019035385","684.394354385","684.394354385","147","false","false","684.394354385","93","false","true","684.394354385","93","false","true","-54","-54"
"LAMBDA0_TOP120|LAMBDA10_TOP120","4400|850x1,1100x1,1190x1,1260x1","{850=1, 1100=1, 1190=1, 1260=1} @4400mm (pw=4400, util=100.0%)","true","","0","0","0.000000000","0.484029304","20","0.033937123","684.063241123","684.063241123","148","false","false","684.063241123","94","false","true","684.063241123","94","false","true","-54","-54"
"LAMBDA0_TOP120|LAMBDA10_TOP120","4340|980x1,1060x1,1100x1,1200x1","{980=1, 1060=1, 1100=1, 1200=1} @4340mm (pw=4340, util=100.0%)","true","","0","0","0.000000000","0.473878679","21","0.030737318","683.909416318","683.909416318","149","false","false","683.909416318","95","false","true","683.909416318","95","false","true","-54","-54"
"LAMBDA0_TOP120|LAMBDA10_TOP120","4300|970x1,1090x1,1100x1,1140x1","{970=1, 1090=1, 1100=1, 1140=1} @4300mm (pw=4300, util=100.0%)","true","","0","0","0.000000000","0.482973634","20","0.013786687","682.987420687","682.987420687","150","false","false","682.987420687","96","false","true","682.987420687","96","false","true","-54","-54"
"LAMBDA0_TOP120|LAMBDA10_TOP120","4390|760x1,840x2,850x1,1100x1","{760=1, 840=2, 850=1, 1100=1} @4390mm (pw=4390, util=100.0%)","true","","0","0","0.000000000","0.462719734","22","0.051370942","682.771104942","682.771104942","151","false","false","682.771104942","97","false","true","682.771104942","97","false","true","-54","-54"
"LAMBDA0_TOP120|LAMBDA10_TOP120","4400|760x1,840x1,850x2,1100x1","{760=1, 840=1, 850=2, 1100=1} @4400mm (pw=4400, util=100.0%)","true","","0","0","0.000000000","0.462719734","22","0.033937123","682.753671123","682.753671123","152","false","false","682.753671123","98","false","true","682.753671123","98","false","true","-54","-54"
"LAMBDA0_TOP120|LAMBDA10_TOP120","4310|550x2,980x1,1100x1,1130x1","{550=2, 980=1, 1100=1, 1130=1} @4310mm (pw=4310, util=100.0%)","true","","0","0","0.000000000","0.462727477","22","0.015991367","682.743468367","682.743468367","153","false","false","682.743468367","99","false","true","682.743468367","99","false","true","-54","-54"
"LAMBDA0_TOP120|LAMBDA10_TOP120","4310|760x2,840x1,850x1,1100x1","{760=2, 840=1, 850=1, 1100=1} @4310mm (pw=4310, util=100.0%)","true","","0","0","0.000000000","0.462719734","22","0.015991367","682.735725367","682.735725367","154","false","false","682.735725367","100","false","true","682.735725367","100","false","true","-54","-54"
"LAMBDA0_TOP120|LAMBDA10_TOP120","4300|840x1,1090x1,1100x1,1270x1","{840=1, 1090=1, 1100=1, 1270=1} @4300mm (pw=4300, util=100.0%)","true","","0","0","0.000000000","0.482108211","20","0.013786687","682.121997687","682.121997687","155","false","false","682.121997687","101","false","true","682.121997687","101","false","true","-54","-54"
"LAMBDA0_TOP120|LAMBDA10_TOP120","4400|980x1,1100x1,1130x1,1190x1","{980=1, 1100=1, 1130=1, 1190=1} @4400mm (pw=4400, util=100.0%)","true","","0","0","0.000000000","0.461985720","22","0.033937123","682.019657123","682.019657123","156","false","false","682.019657123","102","false","true","682.019657123","102","false","true","-54","-54"
"LAMBDA0_TOP120|LAMBDA10_TOP120","4400|550x1,760x1,850x1,1100x1,1140x1","{550=1, 760=1, 850=1, 1100=1, 1140=1} @4400mm (pw=4400, util=100.0%)","true","","0","0","0.000000000","0.471692122","21","0.033937123","681.726059123","681.726059123","157","false","false","681.726059123","103","false","true","681.726059123","103","false","true","-54","-54"
"LAMBDA0_TOP120|LAMBDA10_TOP120","4320|760x1,980x1,1100x1,1480x1","{760=1, 980=1, 1100=1, 1480=1} @4320mm (pw=4320, util=100.0%)","true","","0","0","0.000000000","0.460957102","22","0.019035385","680.976137385","680.976137385","158","false","false","680.976137385","104","false","true","680.976137385","104","false","true","-54","-54"
"LAMBDA0_TOP120|LAMBDA10_TOP120","4310|840x1,1100x1,1125x1,1240x1","{840=1, 1100=1, 1125=1, 1240=1} @4310mm (pw=4305, util=99.9%)","true","","0","0","0.000000000","0.460790751","22","0.014807413","680.805558413","680.805558413","159","false","false","680.805558413","105","false","true","680.805558413","105","false","true","-54","-54"
"LAMBDA0_TOP120|LAMBDA10_TOP120","4310|840x1,1090x1,1100x1,1280x1","{840=1, 1090=1, 1100=1, 1280=1} @4310mm (pw=4310, util=100.0%)","true","","0","0","0.000000000","0.480544561","20","0.015991367","680.560552367","680.560552367","160","false","false","680.560552367","106","false","true","680.560552367","106","false","true","-54","-54"
"LAMBDA0_TOP120|LAMBDA10_TOP120","4330|550x1,850x1,860x1,970x1,1100x1","{550=1, 850=1, 860=1, 970=1, 1100=1} @4330mm (pw=4330, util=100.0%)","true","","0","0","0.000000000","0.470235987","21","0.023510746","680.259497746","680.259497746","161","false","false","680.259497746","107","false","true","680.259497746","107","false","true","-54","-54"
"LAMBDA0_TOP120|LAMBDA10_TOP120","4390|550x1,760x1,850x1,1100x1,1130x1","{550=1, 760=1, 850=1, 1100=1, 1130=1} @4390mm (pw=4390, util=100.0%)","true","","0","0","0.000000000","0.470044279","21","0.051370942","680.095649942","680.095649942","162","false","false","680.095649942","108","false","true","680.095649942","108","false","true","-54","-54"
"LAMBDA0_TOP120|LAMBDA10_TOP120","4400|1060x1,1090x1,1100x1,1150x1","{1060=1, 1090=1, 1100=1, 1150=1} @4400mm (pw=4400, util=100.0%)","true","","0","0","0.000000000","0.498570962","18","0.033937123","678.604899123","678.604899123","163","false","false","678.604899123","109","false","true","678.604899123","109","false","true","-54","-54"
"LAMBDA0_TOP120|LAMBDA10_TOP120","4350|550x1,790x1,850x1,1060x1,1100x1","{550=1, 790=1, 850=1, 1060=1, 1100=1} @4350mm (pw=4350, util=100.0%)","true","","0","0","0.000000000","0.488483426","19","0.044377893","678.527803893","678.527803893","164","false","false","678.527803893","110","false","true","678.527803893","110","false","true","-54","-54"
"LAMBDA0_TOP120|LAMBDA10_TOP120","4400|550x1,790x1,980x2,1100x1","{550=1, 790=1, 980=2, 1100=1} @4400mm (pw=4400, util=100.0%)","true","","0","0","0.000000000","0.468393031","21","0.033937123","678.426968123","678.426968123","165","false","false","678.426968123","111","false","true","678.426968123","111","false","true","-54","-54"
"LAMBDA0_TOP120|LAMBDA10_TOP120","4380|550x1,760x1,970x1,1000x1,1100x1","{550=1, 760=1, 970=1, 1000=1, 1100=1} @4380mm (pw=4380, util=100.0%)","true","","0","0","0.000000000","0.418098736","26","0.105638367","678.204374367","678.204374367","166","false","false","678.204374367","112","false","true","678.204374367","112","false","true","-54","-54"
"LAMBDA0_TOP120|LAMBDA10_TOP120","4370|840x1,1100x1,1190x1,1240x1","{840=1, 1100=1, 1190=1, 1240=1} @4370mm (pw=4370, util=100.0%)","true","","0","0","0.000000000","0.457609365","22","0.394673123","678.004038123","678.004038123","167","false","false","678.004038123","113","false","true","678.004038123","113","false","true","-54","-54"
"LAMBDA0_TOP120|LAMBDA10_TOP120","4400|840x1,1100x1,1220x1,1240x1","{840=1, 1100=1, 1220=1, 1240=1} @4400mm (pw=4400, util=100.0%)","true","","0","0","0.000000000","0.457895167","22","0.033937123","677.929104123","677.929104123","168","false","false","677.929104123","114","false","true","677.929104123","114","false","true","-54","-54"
"LAMBDA0_TOP120|LAMBDA10_TOP120","4400|980x1,1050x1,1100x1,1270x1","{980=1, 1050=1, 1100=1, 1270=1} @4400mm (pw=4400, util=100.0%)","true","","0","0","0.000000000","0.467034443","21","0.033937123","677.068380123","677.068380123","169","false","false","677.068380123","115","false","true","677.068380123","115","false","true","-54","-54"
"LAMBDA0_TOP120|LAMBDA10_TOP120","4330|840x1,1090x1,1100x1,1300x1","{840=1, 1090=1, 1100=1, 1300=1} @4330mm (pw=4330, util=100.0%)","true","","0","0","0.000000000","0.476364410","20","0.023510746","676.387920746","676.387920746","170","false","false","676.387920746","116","false","true","676.387920746","116","false","true","-54","-54"
"LAMBDA0_TOP120|LAMBDA10_TOP120","4370|790x2,840x1,850x1,1100x1","{790=2, 840=1, 850=1, 1100=1} @4370mm (pw=4370, util=100.0%)","true","","0","0","0.000000000","0.465359703","21","0.394673123","675.754376123","675.754376123","171","false","false","675.754376123","117","false","true","675.754376123","117","false","true","-54","-54"
"LAMBDA0_TOP120|LAMBDA10_TOP120","4310|550x2,980x1,1100x1,1125x1","{550=2, 980=1, 1100=1, 1125=1} @4310mm (pw=4305, util=99.9%)","true","","0","0","0.000000000","0.465145586","21","0.014807413","675.160393413","675.160393413","172","false","false","675.160393413","118","false","true","675.160393413","118","false","true","-54","-54"
"LAMBDA0_TOP120|LAMBDA10_TOP120","4380|980x1,1050x1,1100x1,1250x1","{980=1, 1050=1, 1100=1, 1250=1} @4380mm (pw=4380, util=100.0%)","true","","0","0","0.000000000","0.464739799","21","0.105638367","674.845437367","674.845437367","173","false","false","674.845437367","119","false","true","674.845437367","119","false","true","-54","-54"
"LAMBDA0_TOP120|LAMBDA10_TOP120","4400|980x1,1100x1,1125x1,1190x1","{980=1, 1100=1, 1125=1, 1190=1} @4400mm (pw=4395, util=99.9%)","true","","0","0","0.000000000","0.464403829","21","0.040872618","674.444701618","674.444701618","174","false","false","674.444701618","120","false","true","674.444701618","120","false","true","-54","-54"
